Time,ID,RSSI,PI
1719226839.4500673,de:28:8e:55:25:67,-83,163
1719226842.442581,de:28:8e:55:25:67,-78,163
1719226909.01549,de:28:8e:55:25:67,-81,133
1719226933.1566503,de:28:8e:55:25:67,-82,133
1719226942.18053,de:28:8e:55:25:67,-82,133
1719226958.2488449,de:28:8e:55:25:67,-82,133
1719226962.0243592,de:28:8e:55:25:67,-79,163
1719226981.1670897,de:28:8e:55:25:67,-80,163
1719226982.18691,de:28:8e:55:25:67,-81,163
1719226986.1963527,de:28:8e:55:25:67,-79,163
1719226989.2224405,de:28:8e:55:25:67,-80,163
1719226990.2625055,de:28:8e:55:25:67,-84,163
1719226991.2369645,de:28:8e:55:25:67,-82,163
1719226996.2671337,de:28:8e:55:25:67,-81,163
1719227002.2919872,de:28:8e:55:25:67,-81,163
1719227092.020538,de:28:8e:55:25:67,-81,133
1719227111.1071754,de:28:8e:55:25:67,-82,133
1719227138.059946,de:28:8e:55:25:67,-74,163
1719227156.1253226,de:28:8e:55:25:67,-80,163
1719227160.160368,de:28:8e:55:25:67,-75,163
1719227163.4111774,de:28:8e:55:25:67,-83,133
1719227169.2369792,de:28:8e:55:25:67,-78,163
1719227172.2305458,de:28:8e:55:25:67,-80,163
1719227180.263004,de:28:8e:55:25:67,-82,163
1719227183.3607595,de:28:8e:55:25:67,-79,163
1719227229.5062585,de:28:8e:55:25:67,-80,163
1719227231.506648,de:28:8e:55:25:67,-78,163
1719227282.0580037,de:28:8e:55:25:67,-83,133
1719227307.2220206,de:28:8e:55:25:67,-79,133
1719227313.0161192,de:28:8e:55:25:67,-80,163
1719227327.090479,de:28:8e:55:25:67,-79,163
1719227329.106068,de:28:8e:55:25:67,-79,163
1719227332.136984,de:28:8e:55:25:67,-75,163
1719227340.1751056,de:28:8e:55:25:67,-77,163
1719227345.4249432,de:28:8e:55:25:67,-78,133
1719227350.4526367,de:28:8e:55:25:67,-81,133
1719227354.2420237,de:28:8e:55:25:67,-78,163
1719227361.2670996,de:28:8e:55:25:67,-79,163
1719227381.3650873,de:28:8e:55:25:67,-79,163
1719227383.4182522,de:28:8e:55:25:67,-78,163
1719227391.432599,de:28:8e:55:25:67,-80,163
1719227398.465613,de:28:8e:55:25:67,-78,163
1719227488.1987498,de:28:8e:55:25:67,-82,133
1719227489.175563,de:28:8e:55:25:67,-82,133
1719227505.2921298,de:28:8e:55:25:67,-81,133
1719227513.1118386,de:28:8e:55:25:67,-80,163
1719227514.092103,de:28:8e:55:25:67,-79,163
1719227530.4240122,de:28:8e:55:25:67,-82,133
1719227531.428038,de:28:8e:55:25:67,-85,133
1719227534.2464936,de:28:8e:55:25:67,-81,163
1719227543.2254992,de:28:8e:55:25:67,-80,163
1719227547.2745826,de:28:8e:55:25:67,-81,163
1719227601.5233195,de:28:8e:55:25:67,-79,163
1719227656.0115862,de:28:8e:55:25:67,-82,133
1719227661.0577185,de:28:8e:55:25:67,-84,133
1719227685.175322,de:28:8e:55:25:67,-81,133
1719227698.2032468,de:28:8e:55:25:67,-84,133
1719227705.2384143,de:28:8e:55:25:67,-79,133
1719227709.0035772,de:28:8e:55:25:67,-78,163
1719227713.286844,de:28:8e:55:25:67,-83,133
1719227722.0426776,de:28:8e:55:25:67,-80,163
1719227732.1019151,de:28:8e:55:25:67,-83,163
1719227733.3931258,de:28:8e:55:25:67,-81,133
1719227743.4421642,de:28:8e:55:25:67,-80,133
1719227748.2274923,de:28:8e:55:25:67,-80,163
1719227750.2244654,de:28:8e:55:25:67,-81,163
1719227755.2338614,de:28:8e:55:25:67,-81,163
1719227756.4684217,de:28:8e:55:25:67,-83,133
1719227761.3317063,de:28:8e:55:25:67,-84,163
1719227772.3043158,de:28:8e:55:25:67,-78,163
1719227779.3297062,de:28:8e:55:25:67,-81,163
1719227787.448314,de:28:8e:55:25:67,-83,163
1719227867.052751,de:28:8e:55:25:67,-79,133
1719227909.02925,de:28:8e:55:25:67,-81,163
1719227912.0763547,de:28:8e:55:25:67,-79,163
1719227919.077963,de:28:8e:55:25:67,-81,163
1719227920.4025197,de:28:8e:55:25:67,-81,133
1719227934.177174,de:28:8e:55:25:67,-80,163
1719227935.209733,de:28:8e:55:25:67,-81,163
1719227938.174313,de:28:8e:55:25:67,-82,163
1719227941.1866932,de:28:8e:55:25:67,-81,163
1719227942.1969142,de:28:8e:55:25:67,-80,163
1719227955.257539,de:28:8e:55:25:67,-82,163
1719227967.316403,de:28:8e:55:25:67,-80,163
1719227969.430476,de:28:8e:55:25:67,-77,163
1719227973.380272,de:28:8e:55:25:67,-80,163
1719227977.4288895,de:28:8e:55:25:67,-82,163
1719227984.4913254,de:28:8e:55:25:67,-84,163
1719227993.4610837,de:28:8e:55:25:67,-80,163
1719228053.053763,de:28:8e:55:25:67,-80,133
1719228064.124647,de:28:8e:55:25:67,-85,133
1719228071.1910708,de:28:8e:55:25:67,-80,133
1719228105.1422727,de:28:8e:55:25:67,-82,163
1719228122.1719718,de:28:8e:55:25:67,-82,163
1719228127.1870053,de:28:8e:55:25:67,-83,163
1719228129.4639385,de:28:8e:55:25:67,-83,133
1719228130.46615,de:28:8e:55:25:67,-79,133
1719228142.2719853,de:28:8e:55:25:67,-79,163
1719228169.4239583,de:28:8e:55:25:67,-85,163
1719228237.0324724,de:28:8e:55:25:67,-81,133
1719228278.23725,de:28:8e:55:25:67,-81,133
1719228282.2576802,de:28:8e:55:25:67,-83,133
1719228290.058239,de:28:8e:55:25:67,-84,163
1719228296.3316543,de:28:8e:55:25:67,-84,133
1719228303.4044888,de:28:8e:55:25:67,-81,133
1719228328.3231058,de:28:8e:55:25:67,-77,163
1719228331.292524,de:28:8e:55:25:67,-85,163
1719228332.2938838,de:28:8e:55:25:67,-84,163
1719228339.3402045,de:28:8e:55:25:67,-77,163
1719228342.42409,de:28:8e:55:25:67,-80,163
1719228349.391857,de:28:8e:55:25:67,-82,163
1719228444.1382449,de:28:8e:55:25:67,-83,133
1719228462.2068777,de:28:8e:55:25:67,-82,133
1719228478.1256847,de:28:8e:55:25:67,-81,163
1719228546.446146,de:28:8e:55:25:67,-83,163
1719228554.4941018,de:28:8e:55:25:67,-81,163
1719228662.0384004,de:28:8e:55:25:67,-82,163
1719228665.2900534,de:28:8e:55:25:67,-80,133
1719228672.0951693,de:28:8e:55:25:67,-82,163
1719228673.1021135,de:28:8e:55:25:67,-85,163
1719228678.1546893,de:28:8e:55:25:67,-81,163
1719228686.186431,de:28:8e:55:25:67,-80,163
1719228702.257202,de:28:8e:55:25:67,-83,163
1719228705.271314,de:28:8e:55:25:67,-77,163
1719228707.2986166,de:28:8e:55:25:67,-82,163
1719228728.4452477,de:28:8e:55:25:67,-80,163
1719228730.4062948,de:28:8e:55:25:67,-84,163
1719228834.176056,de:28:8e:55:25:67,-79,133
1719228851.0160882,de:28:8e:55:25:67,-82,163
1719228859.0568514,de:28:8e:55:25:67,-81,163
1719228863.095223,de:28:8e:55:25:67,-85,163
1719228879.19848,de:28:8e:55:25:67,-79,163
1719228887.2235427,de:28:8e:55:25:67,-81,163
1719228909.3591468,de:28:8e:55:25:67,-82,163
1719228912.451298,de:28:8e:55:25:67,-82,163
1719228915.3999493,de:28:8e:55:25:67,-82,163
1719228922.428339,de:28:8e:55:25:67,-80,163
1719228926.4867845,de:28:8e:55:25:67,-78,163
1719228997.0635276,de:28:8e:55:25:67,-81,133
1719229021.1414936,de:28:8e:55:25:67,-84,133
1719229050.060574,de:28:8e:55:25:67,-82,163
1719229056.0656636,de:28:8e:55:25:67,-81,163
1719229059.316102,de:28:8e:55:25:67,-82,133
1719229084.1894138,de:28:8e:55:25:67,-82,163
1719229085.3707836,de:28:8e:55:25:67,-81,163
1719229093.251879,de:28:8e:55:25:67,-79,163
1719229099.268474,de:28:8e:55:25:67,-80,163
1719229143.4822035,de:28:8e:55:25:67,-81,163
1719229205.0377653,de:28:8e:55:25:67,-83,133
1719229252.2460506,de:28:8e:55:25:67,-82,133
1719229262.0245814,de:28:8e:55:25:67,-80,163
1719229270.0803745,de:28:8e:55:25:67,-77,163
1719229289.1596043,de:28:8e:55:25:67,-82,163
1719229290.4339108,de:28:8e:55:25:67,-83,133
1719229294.1951735,de:28:8e:55:25:67,-79,163
1719229299.2463198,de:28:8e:55:25:67,-83,163
1719229314.2946684,de:28:8e:55:25:67,-80,163
1719229336.438269,de:28:8e:55:25:67,-78,163
1719229346.4801073,de:28:8e:55:25:67,-80,163
1719229424.1234837,de:28:8e:55:25:67,-83,133
1719229452.0333223,de:28:8e:55:25:67,-82,163
1719229455.0477767,de:28:8e:55:25:67,-81,163
1719229457.0529284,de:28:8e:55:25:67,-83,163
1719229469.1198995,de:28:8e:55:25:67,-80,163
1719229469.3496718,de:28:8e:55:25:67,-84,133
1719229472.1467087,de:28:8e:55:25:67,-82,163
1719229479.1420355,de:28:8e:55:25:67,-83,163
1719229482.1592062,de:28:8e:55:25:67,-80,163
1719229486.1611483,de:28:8e:55:25:67,-84,163
1719229503.2666695,de:28:8e:55:25:67,-82,163
1719229667.3190367,de:28:8e:55:25:67,-83,133
1719229672.0953157,de:28:8e:55:25:67,-80,163
1719229684.1656542,de:28:8e:55:25:67,-81,163
1719229685.3951972,de:28:8e:55:25:67,-80,133
1719229694.1960013,de:28:8e:55:25:67,-82,163
1719229696.2017238,de:28:8e:55:25:67,-82,163
1719229700.213921,de:28:8e:55:25:67,-79,163
1719229716.322091,de:28:8e:55:25:67,-77,163
1719229730.392784,de:28:8e:55:25:67,-83,163
1719229737.4213526,de:28:8e:55:25:67,-85,163
1719229844.2339263,de:28:8e:55:25:67,-82,133
1719229858.0611703,de:28:8e:55:25:67,-81,163
1719229859.3161058,de:28:8e:55:25:67,-83,133
1719229866.1136932,de:28:8e:55:25:67,-77,163
1719229871.1172123,de:28:8e:55:25:67,-82,163
1719229877.167671,de:28:8e:55:25:67,-83,163
1719229882.2244911,de:28:8e:55:25:67,-80,163
1719229887.227403,de:28:8e:55:25:67,-79,163
1719229891.3091154,de:28:8e:55:25:67,-80,163
1719229898.327561,de:28:8e:55:25:67,-80,163
1719229906.376307,de:28:8e:55:25:67,-82,163
1719229911.400271,de:28:8e:55:25:67,-83,163
1719229921.432173,de:28:8e:55:25:67,-81,163
1719229923.4438765,de:28:8e:55:25:67,-80,163
1719229928.4666,de:28:8e:55:25:67,-84,163
1719229935.4918978,de:28:8e:55:25:67,-82,163
1719229992.010607,de:28:8e:55:25:67,-81,133
1719230038.0574975,de:28:8e:55:25:67,-81,163
1719230039.1565828,de:28:8e:55:25:67,-81,163
1719230043.1206725,de:28:8e:55:25:67,-79,163
1719230057.42394,de:28:8e:55:25:67,-81,133
1719230065.2305064,de:28:8e:55:25:67,-80,163
1719230069.2574854,de:28:8e:55:25:67,-81,163
1719230070.2673438,de:28:8e:55:25:67,-82,163
1719230074.294861,de:28:8e:55:25:67,-82,163
1719230075.3271005,de:28:8e:55:25:67,-81,163
1719230076.341104,de:28:8e:55:25:67,-83,163
1719230080.343124,de:28:8e:55:25:67,-76,163
1719230101.458052,de:28:8e:55:25:67,-80,163
1719230199.013314,de:28:8e:55:25:67,-78,163
1719230205.0417745,de:28:8e:55:25:67,-81,163
1719230210.0922036,de:28:8e:55:25:67,-80,163
1719230218.1261003,de:28:8e:55:25:67,-80,163
1719230222.1408854,de:28:8e:55:25:67,-79,163
1719230225.1544852,de:28:8e:55:25:67,-81,163
1719230228.220826,de:28:8e:55:25:67,-82,163
1719230244.2573223,de:28:8e:55:25:67,-80,163
1719230247.2886157,de:28:8e:55:25:67,-80,163
1719230248.2657683,de:28:8e:55:25:67,-79,163
1719230250.3070383,de:28:8e:55:25:67,-81,163
1719230263.3694196,de:28:8e:55:25:67,-81,163
1719230277.472838,de:28:8e:55:25:67,-79,163
1719230387.057569,de:28:8e:55:25:67,-81,163
1719230389.0601065,de:28:8e:55:25:67,-81,163
1719230404.1376133,de:28:8e:55:25:67,-81,163
1719230405.1415927,de:28:8e:55:25:67,-86,163
1719230415.1694198,de:28:8e:55:25:67,-82,163
1719230418.1822023,de:28:8e:55:25:67,-78,163
1719230423.1905465,de:28:8e:55:25:67,-81,163
1719230430.220327,de:28:8e:55:25:67,-84,163
1719230433.343655,de:28:8e:55:25:67,-83,163
1719230441.2776449,de:28:8e:55:25:67,-80,163
1719230445.3030334,de:28:8e:55:25:67,-84,163
1719230456.394714,de:28:8e:55:25:67,-82,163
1719230464.437591,de:28:8e:55:25:67,-80,163
1719230482.4666457,de:28:8e:55:25:67,-81,163
1719230560.1034691,de:28:8e:55:25:67,-81,133
1719230584.0328543,de:28:8e:55:25:67,-82,163
1719230584.2204802,de:28:8e:55:25:67,-79,133
1719230606.3951197,de:28:8e:55:25:67,-83,133
1719230607.1401598,de:28:8e:55:25:67,-80,163
1719230612.4072306,de:28:8e:55:25:67,-82,133
1719230614.1629407,de:28:8e:55:25:67,-84,163
1719230622.2385273,de:28:8e:55:25:67,-81,163
1719230630.2355523,de:28:8e:55:25:67,-85,163
1719230653.330581,de:28:8e:55:25:67,-80,163
1719230654.3254097,de:28:8e:55:25:67,-83,163
1719230655.3677385,de:28:8e:55:25:67,-83,163
1719230657.4933114,de:28:8e:55:25:67,-83,163
1719230668.4124992,de:28:8e:55:25:67,-84,163
1719230674.4368193,de:28:8e:55:25:67,-85,163
1719230675.47448,de:28:8e:55:25:67,-81,163
1719230677.4578862,de:28:8e:55:25:67,-84,163
1719230791.279267,de:28:8e:55:25:67,-83,133
1719230796.0267503,de:28:8e:55:25:67,-82,163
1719230805.0689104,de:28:8e:55:25:67,-81,163
1719230814.1432786,de:28:8e:55:25:67,-81,163
1719230817.3831449,de:28:8e:55:25:67,-86,133
1719230823.15776,de:28:8e:55:25:67,-80,163
1719230832.1870663,de:28:8e:55:25:67,-81,163
1719230833.2023406,de:28:8e:55:25:67,-81,163
1719230843.2580454,de:28:8e:55:25:67,-82,163
1719230847.2658331,de:28:8e:55:25:67,-83,163
1719230849.2973547,de:28:8e:55:25:67,-77,163
1719230884.428563,de:28:8e:55:25:67,-83,163
1719230885.4942784,de:28:8e:55:25:67,-82,163
1719230892.4594417,de:28:8e:55:25:67,-81,163
1719230895.4692,de:28:8e:55:25:67,-82,163
1719230896.4969375,de:28:8e:55:25:67,-82,163
1719231001.185364,de:28:8e:55:25:67,-82,133
1719231024.284222,de:28:8e:55:25:67,-81,133
1719231026.0350149,de:28:8e:55:25:67,-81,163
1719231029.0618074,de:28:8e:55:25:67,-83,163
1719231031.091087,de:28:8e:55:25:67,-80,163
1719231052.1988194,de:28:8e:55:25:67,-76,163
1719231055.194795,de:28:8e:55:25:67,-81,163
1719231058.4909303,de:28:8e:55:25:67,-80,133
1719231060.255388,de:28:8e:55:25:67,-83,163
1719231062.2689114,de:28:8e:55:25:67,-84,163
1719231066.3546252,de:28:8e:55:25:67,-83,163
1719231068.2679317,de:28:8e:55:25:67,-80,163
1719231095.4370296,de:28:8e:55:25:67,-79,163
1719231114.49571,de:28:8e:55:25:67,-81,163
1719231118.4984734,de:28:8e:55:25:67,-81,163
1719231178.0240247,de:28:8e:55:25:67,-82,133
1719231194.1094494,de:28:8e:55:25:67,-84,133
1719231222.2075548,de:28:8e:55:25:67,-83,133
1719231233.0299225,de:28:8e:55:25:67,-82,163
1719231239.0744977,de:28:8e:55:25:67,-82,163
1719231240.0545063,de:28:8e:55:25:67,-83,163
1719231240.310568,de:28:8e:55:25:67,-83,133
1719231243.3251023,de:28:8e:55:25:67,-83,133
1719231268.2080753,de:28:8e:55:25:67,-83,163
1719231270.2268274,de:28:8e:55:25:67,-80,163
1719231273.2353938,de:28:8e:55:25:67,-83,163
1719231294.3497362,de:28:8e:55:25:67,-80,163
1719231299.3699136,de:28:8e:55:25:67,-79,163
1719231307.3960135,de:28:8e:55:25:67,-82,163
1719231317.4704127,de:28:8e:55:25:67,-82,163
1719231319.4551332,de:28:8e:55:25:67,-84,163
1719231320.4329605,de:28:8e:55:25:67,-80,163
1719231327.5004797,de:28:8e:55:25:67,-82,163
1719231410.1421115,de:28:8e:55:25:67,-80,133
1719231412.1629786,de:28:8e:55:25:67,-82,133
1719231432.0180082,de:28:8e:55:25:67,-77,163
1719231444.0850532,de:28:8e:55:25:67,-74,163
1719231456.3953278,de:28:8e:55:25:67,-81,133
1719231459.136017,de:28:8e:55:25:67,-75,163
1719231464.1804736,de:28:8e:55:25:67,-75,163
1719231480.3220344,de:28:8e:55:25:67,-77,163
1719231482.27055,de:28:8e:55:25:67,-77,163
1719231488.3250244,de:28:8e:55:25:67,-74,163
1719231499.3615067,de:28:8e:55:25:67,-80,163
1719231518.4790258,de:28:8e:55:25:67,-79,163
1719231519.483704,de:28:8e:55:25:67,-85,163
1719231520.480148,de:28:8e:55:25:67,-77,163
1719231526.493811,de:28:8e:55:25:67,-79,163
1719231527.4957511,de:28:8e:55:25:67,-78,163
1719231641.0582776,de:28:8e:55:25:67,-81,163
1719231642.0631008,de:28:8e:55:25:67,-78,163
1719231643.087732,de:28:8e:55:25:67,-74,163
1719231650.092274,de:28:8e:55:25:67,-80,163
1719231662.1635983,de:28:8e:55:25:67,-77,163
1719231670.4597852,de:28:8e:55:25:67,-82,133
1719231688.3396063,de:28:8e:55:25:67,-75,163
1719231694.3512962,de:28:8e:55:25:67,-74,163
1719231720.490998,de:28:8e:55:25:67,-79,163
1719231782.086892,de:28:8e:55:25:67,-81,133
1719231791.1260502,de:28:8e:55:25:67,-80,133
1719231820.0255065,de:28:8e:55:25:67,-80,163
1719231824.0667713,de:28:8e:55:25:67,-81,163
1719231843.155228,de:28:8e:55:25:67,-78,163
1719231846.165362,de:28:8e:55:25:67,-76,163
1719231856.4826453,de:28:8e:55:25:67,-81,133
1719231880.4300225,de:28:8e:55:25:67,-75,163
1719231888.4253592,de:28:8e:55:25:67,-80,163
1719231898.464594,de:28:8e:55:25:67,-79,163
1719232012.0347009,de:28:8e:55:25:67,-77,163
1719232015.0666263,de:28:8e:55:25:67,-79,163
1719232016.0556931,de:28:8e:55:25:67,-78,163
1719232022.35686,de:28:8e:55:25:67,-84,133
1719232032.1554143,de:28:8e:55:25:67,-78,163
1719232037.1897626,de:28:8e:55:25:67,-79,163
1719232046.252736,de:28:8e:55:25:67,-77,163
1719232060.2972114,de:28:8e:55:25:67,-80,163
1719232062.2976117,de:28:8e:55:25:67,-79,163
1719232079.4158278,de:28:8e:55:25:67,-78,163
1719232082.4310114,de:28:8e:55:25:67,-81,163
1719232178.0543747,de:28:8e:55:25:67,-78,163
1719232203.141055,de:28:8e:55:25:67,-74,163
1719232217.4740975,de:28:8e:55:25:67,-82,133
1719232227.253138,de:28:8e:55:25:67,-80,163
1719232239.3315794,de:28:8e:55:25:67,-81,163
1719232248.3730395,de:28:8e:55:25:67,-81,163
1719232250.3822093,de:28:8e:55:25:67,-75,163
1719232259.42834,de:28:8e:55:25:67,-80,163
1719232273.492588,de:28:8e:55:25:67,-80,163
1719232336.055201,de:28:8e:55:25:67,-87,133
1719232341.0836368,de:28:8e:55:25:67,-82,133
1719232389.1111388,de:28:8e:55:25:67,-84,163
1719232390.13177,de:28:8e:55:25:67,-79,163
1719232401.1555398,de:28:8e:55:25:67,-80,163
1719232402.1701455,de:28:8e:55:25:67,-81,163
1719232413.2282517,de:28:8e:55:25:67,-81,163
1719232426.2910805,de:28:8e:55:25:67,-77,163
1719232427.2912931,de:28:8e:55:25:67,-81,163
1719232434.3843644,de:28:8e:55:25:67,-80,163
1719232440.3643155,de:28:8e:55:25:67,-79,163
1719232443.3665974,de:28:8e:55:25:67,-81,163
1719232444.388059,de:28:8e:55:25:67,-77,163
1719232459.4947298,de:28:8e:55:25:67,-75,163
1719232471.4969149,de:28:8e:55:25:67,-80,163
1719232555.2169168,de:28:8e:55:25:67,-82,133
1719232573.318076,de:28:8e:55:25:67,-80,133
1719232578.0963013,de:28:8e:55:25:67,-79,163
1719232591.138658,de:28:8e:55:25:67,-76,163
1719232592.164604,de:28:8e:55:25:67,-76,163
1719232594.1697876,de:28:8e:55:25:67,-80,163
1719232603.182007,de:28:8e:55:25:67,-82,163
1719232605.2118409,de:28:8e:55:25:67,-78,163
1719232611.21749,de:28:8e:55:25:67,-78,163
1719232613.230854,de:28:8e:55:25:67,-78,163
1719232621.2896247,de:28:8e:55:25:67,-76,163
1719232622.296388,de:28:8e:55:25:67,-78,163
1719232634.335983,de:28:8e:55:25:67,-79,163
1719232652.4875531,de:28:8e:55:25:67,-79,163
1719232758.025895,de:28:8e:55:25:67,-76,163
1719232766.0608275,de:28:8e:55:25:67,-80,163
1719232771.0829482,de:28:8e:55:25:67,-78,163
1719232772.0946558,de:28:8e:55:25:67,-77,163
1719232782.197131,de:28:8e:55:25:67,-74,163
1719232792.2135,de:28:8e:55:25:67,-79,163
1719232800.2565851,de:28:8e:55:25:67,-78,163
1719232803.2722688,de:28:8e:55:25:67,-73,163
1719232809.325868,de:28:8e:55:25:67,-78,163
1719232817.3774288,de:28:8e:55:25:67,-78,163
1719232821.398677,de:28:8e:55:25:67,-80,163
1719232827.40941,de:28:8e:55:25:67,-76,163
1719232840.5005264,de:28:8e:55:25:67,-77,163
1719232866.3543153,de:28:8e:55:25:67,-79,163
1719232948.055482,de:28:8e:55:25:67,-79,163
1719232950.052267,de:28:8e:55:25:67,-79,163
1719232954.3490596,de:28:8e:55:25:67,-82,133
1719232956.1000793,de:28:8e:55:25:67,-75,163
1719232968.241412,de:28:8e:55:25:67,-77,163
1719232969.202695,de:28:8e:55:25:67,-80,163
1719232979.284246,de:28:8e:55:25:67,-81,163
1719232980.275775,de:28:8e:55:25:67,-81,163
1719232981.3096488,de:28:8e:55:25:67,-77,163
1719232984.3057678,de:28:8e:55:25:67,-81,163
1719232988.3254397,de:28:8e:55:25:67,-82,163
1719233008.499397,de:28:8e:55:25:67,-79,163
1719233017.4685335,de:28:8e:55:25:67,-77,163
1719233021.4976976,de:28:8e:55:25:67,-79,163
1719233082.071682,de:28:8e:55:25:67,-81,133
1719233129.0701156,de:28:8e:55:25:67,-76,163
1719233130.0671685,de:28:8e:55:25:67,-73,163
1719233135.1006992,de:28:8e:55:25:67,-75,163
1719233147.4465077,de:28:8e:55:25:67,-84,133
1719233154.1847675,de:28:8e:55:25:67,-80,163
1719233176.3328102,de:28:8e:55:25:67,-79,163
1719233191.4675865,de:28:8e:55:25:67,-78,163
1719233197.4692836,de:28:8e:55:25:67,-79,163
1719233265.0321655,de:28:8e:55:25:67,-85,133
1719233313.0683763,de:28:8e:55:25:67,-81,163
1719233315.0619123,de:28:8e:55:25:67,-80,163
1719233325.1375997,de:28:8e:55:25:67,-72,163
1719233327.1145172,de:28:8e:55:25:67,-79,163
1719233329.1146176,de:28:8e:55:25:67,-80,163
1719233332.1494937,de:28:8e:55:25:67,-77,163
1719233337.1881225,de:28:8e:55:25:67,-79,163
1719233340.205757,de:28:8e:55:25:67,-78,163
1719233342.2092557,de:28:8e:55:25:67,-74,163
1719233351.5034297,de:28:8e:55:25:67,-81,133
1719233355.2577672,de:28:8e:55:25:67,-79,163
1719233359.275892,de:28:8e:55:25:67,-78,163
1719233360.274932,de:28:8e:55:25:67,-79,163
1719233383.3737774,de:28:8e:55:25:67,-78,163
1719233389.4214742,de:28:8e:55:25:67,-73,163
1719233395.4902422,de:28:8e:55:25:67,-79,163
1719233401.4757454,de:28:8e:55:25:67,-76,163
1719233406.5141566,de:28:8e:55:25:67,-79,163
1719233409.506812,de:28:8e:55:25:67,-74,163
1719233410.5065827,de:28:8e:55:25:67,-76,163
1719233412.51095,de:28:8e:55:25:67,-79,163
1719233432.6666934,de:28:8e:55:25:67,-77,163
1719233503.0360525,de:28:8e:55:25:67,-78,163
1719233509.2805114,de:28:8e:55:25:67,-83,133
1719233510.0588012,de:28:8e:55:25:67,-76,163
1719233536.172515,de:28:8e:55:25:67,-77,163
1719233538.1862595,de:28:8e:55:25:67,-79,163
1719233539.1872497,de:28:8e:55:25:67,-75,163
1719233545.2435122,de:28:8e:55:25:67,-74,163
1719233554.301097,de:28:8e:55:25:67,-77,163
1719233562.3520672,de:28:8e:55:25:67,-77,163
1719233566.4044118,de:28:8e:55:25:67,-77,163
1719233574.4340024,de:28:8e:55:25:67,-78,163
1719233575.4271233,de:28:8e:55:25:67,-76,163
1719233588.4905877,de:28:8e:55:25:67,-78,163
1719233591.5021102,de:28:8e:55:25:67,-79,163
1719233619.6650455,de:28:8e:55:25:67,-77,163
1719233668.1958818,de:28:8e:55:25:67,-78,133
1719233673.1988828,de:28:8e:55:25:67,-79,133
1719233685.3015895,de:28:8e:55:25:67,-84,133
1719233690.0593746,de:28:8e:55:25:67,-80,163
1719233704.1290488,de:28:8e:55:25:67,-78,163
1719233706.1357126,de:28:8e:55:25:67,-76,163
1719233706.360171,de:28:8e:55:25:67,-81,133
1719233710.401359,de:28:8e:55:25:67,-81,133
1719233727.5082178,de:28:8e:55:25:67,-84,133
1719233734.2929752,de:28:8e:55:25:67,-81,163
1719233735.291739,de:28:8e:55:25:67,-76,163
1719233737.298648,de:28:8e:55:25:67,-78,163
1719233770.5112655,de:28:8e:55:25:67,-83,163
1719233870.0094175,de:28:8e:55:25:67,-75,163
1719233870.3023777,de:28:8e:55:25:67,-81,133
1719233874.2812686,de:28:8e:55:25:67,-80,133
1719233879.059552,de:28:8e:55:25:67,-74,163
1719233881.0717988,de:28:8e:55:25:67,-79,163
1719233888.1226144,de:28:8e:55:25:67,-80,163
1719233899.4068131,de:28:8e:55:25:67,-82,133
1719233905.2497115,de:28:8e:55:25:67,-74,163
1719233906.2187123,de:28:8e:55:25:67,-78,163
1719233910.2319045,de:28:8e:55:25:67,-78,163
1719233914.5053022,de:28:8e:55:25:67,-88,133
1719233919.2579825,de:28:8e:55:25:67,-77,163
1719233925.2867303,de:28:8e:55:25:67,-76,163
1719233927.303999,de:28:8e:55:25:67,-77,163
1719233953.4425004,de:28:8e:55:25:67,-79,163
1719233960.471262,de:28:8e:55:25:67,-81,163
1719233963.4918349,de:28:8e:55:25:67,-82,163
1719233988.6136189,de:28:8e:55:25:67,-75,163
1719234024.0459049,de:28:8e:55:25:67,-81,133
1719234042.1315866,de:28:8e:55:25:67,-81,133
1719234053.1693945,de:28:8e:55:25:67,-81,133
1719234061.1854174,de:28:8e:55:25:67,-81,133
1719234072.2924273,de:28:8e:55:25:67,-79,133
1719234087.0988636,de:28:8e:55:25:67,-79,163
1719234093.383325,de:28:8e:55:25:67,-78,133
1719234124.290373,de:28:8e:55:25:67,-77,163
1719234131.3235269,de:28:8e:55:25:67,-78,163
1719234139.3767335,de:28:8e:55:25:67,-75,163
1719234151.4878411,de:28:8e:55:25:67,-79,163
1719234163.4866529,de:28:8e:55:25:67,-79,163
1719234166.498728,de:28:8e:55:25:67,-79,163
1719234209.7298934,de:28:8e:55:25:67,-78,163
1719234271.071364,de:28:8e:55:25:67,-78,163
1719234272.3100743,de:28:8e:55:25:67,-82,133
1719234299.190425,de:28:8e:55:25:67,-80,163
1719234305.2104764,de:28:8e:55:25:67,-79,163
1719234307.220369,de:28:8e:55:25:67,-78,163
1719234311.2256308,de:28:8e:55:25:67,-78,163
1719234316.2505395,de:28:8e:55:25:67,-78,163
1719234322.257535,de:28:8e:55:25:67,-78,163
1719234325.2924092,de:28:8e:55:25:67,-80,163
1719234327.3169136,de:28:8e:55:25:67,-80,163
1719234337.324656,de:28:8e:55:25:67,-75,163
1719234350.4185405,de:28:8e:55:25:67,-79,163
1719234358.456254,de:28:8e:55:25:67,-75,163
1719234365.4987333,de:28:8e:55:25:67,-78,163
1719234390.641905,de:28:8e:55:25:67,-75,163
1719234452.1758752,de:28:8e:55:25:67,-83,133
1719234457.1920426,de:28:8e:55:25:67,-82,133
1719234473.2999172,de:28:8e:55:25:67,-84,133
1719234474.3050027,de:28:8e:55:25:67,-81,133
1719234492.152035,de:28:8e:55:25:67,-80,163
1719234507.230473,de:28:8e:55:25:67,-79,163
1719234517.2812495,de:28:8e:55:25:67,-79,163
1719234534.3579822,de:28:8e:55:25:67,-79,163
1719234536.3844872,de:28:8e:55:25:67,-75,163
1719234551.4672716,de:28:8e:55:25:67,-79,163
1719234557.494287,de:28:8e:55:25:67,-79,163
1719234571.5815165,de:28:8e:55:25:67,-77,163
1719234593.7055926,de:28:8e:55:25:67,-77,163
1719234655.0248358,de:28:8e:55:25:67,-75,163
1719234672.0954275,de:28:8e:55:25:67,-75,163
1719234677.1336706,de:28:8e:55:25:67,-79,163
1719234693.2360337,de:28:8e:55:25:67,-82,163
1719234716.3237665,de:28:8e:55:25:67,-79,163
1719234722.358623,de:28:8e:55:25:67,-76,163
1719234732.3989508,de:28:8e:55:25:67,-79,163
1719234736.4121118,de:28:8e:55:25:67,-77,163
1719234738.4301913,de:28:8e:55:25:67,-73,163
1719234742.4280417,de:28:8e:55:25:67,-80,163
1719234743.4382832,de:28:8e:55:25:67,-80,163
1719234760.5199258,de:28:8e:55:25:67,-79,163
1719234768.5605552,de:28:8e:55:25:67,-78,163
1719234769.5687745,de:28:8e:55:25:67,-79,163
1719234770.5862107,de:28:8e:55:25:67,-77,163
1719234788.654999,de:28:8e:55:25:67,-74,163
1719234853.0482798,de:28:8e:55:25:67,-76,163
1719234862.300894,de:28:8e:55:25:67,-82,133
1719234865.1247888,de:28:8e:55:25:67,-73,163
1719234876.1673589,de:28:8e:55:25:67,-78,163
1719234877.1549306,de:28:8e:55:25:67,-82,163
1719234880.431707,de:28:8e:55:25:67,-83,133
1719234891.2381766,de:28:8e:55:25:67,-80,163
1719234894.4971287,de:28:8e:55:25:67,-79,133
1719234895.4833505,de:28:8e:55:25:67,-82,133
1719234906.3332844,de:28:8e:55:25:67,-78,163
1719234910.345487,de:28:8e:55:25:67,-78,163
1719234919.4062154,de:28:8e:55:25:67,-79,163
1719234923.443847,de:28:8e:55:25:67,-74,163
1719234926.451794,de:28:8e:55:25:67,-78,163
1719234931.4837496,de:28:8e:55:25:67,-79,163
1719234942.552733,de:28:8e:55:25:67,-77,163
1719234950.583693,de:28:8e:55:25:67,-79,163
1719234970.6716669,de:28:8e:55:25:67,-78,163
1719235042.0582254,de:28:8e:55:25:67,-80,163
1719235054.3607416,de:28:8e:55:25:67,-81,133
1719235074.221326,de:28:8e:55:25:67,-78,163
1719235084.2938688,de:28:8e:55:25:67,-75,163
1719235094.319948,de:28:8e:55:25:67,-79,163
1719235103.3727665,de:28:8e:55:25:67,-79,163
1719235106.405218,de:28:8e:55:25:67,-75,163
1719235114.4313748,de:28:8e:55:25:67,-79,163
1719235118.491386,de:28:8e:55:25:67,-75,163
1719235132.5038218,de:28:8e:55:25:67,-76,163
1719235157.629211,de:28:8e:55:25:67,-79,163
1719235160.6594193,de:28:8e:55:25:67,-82,163
1719235238.067934,de:28:8e:55:25:67,-78,163
1719235243.2972684,de:28:8e:55:25:67,-79,133
1719235254.129562,de:28:8e:55:25:67,-78,163
1719235268.1813197,de:28:8e:55:25:67,-78,163
1719235274.2014666,de:28:8e:55:25:67,-78,163
1719235290.2953506,de:28:8e:55:25:67,-79,163
1719235292.331368,de:28:8e:55:25:67,-79,163
1719235302.3707724,de:28:8e:55:25:67,-80,163
1719235326.4975188,de:28:8e:55:25:67,-80,163
1719235338.5673654,de:28:8e:55:25:67,-81,163
1719235344.6055377,de:28:8e:55:25:67,-79,163
1719235351.634778,de:28:8e:55:25:67,-79,163
1719235354.656182,de:28:8e:55:25:67,-80,163
1719235440.1457014,de:28:8e:55:25:67,-74,163
1719235457.23069,de:28:8e:55:25:67,-82,163
1719235467.2760994,de:28:8e:55:25:67,-72,163
1719235470.2972956,de:28:8e:55:25:67,-79,163
1719235480.351025,de:28:8e:55:25:67,-81,163
1719235482.3776038,de:28:8e:55:25:67,-72,163
1719235503.4921207,de:28:8e:55:25:67,-80,163
1719235511.5309663,de:28:8e:55:25:67,-77,163
1719235520.5524793,de:28:8e:55:25:67,-79,163
1719235537.6402717,de:28:8e:55:25:67,-77,163
1719235551.702044,de:28:8e:55:25:67,-72,163
1719235608.239433,de:28:8e:55:25:67,-84,133
1719235619.035891,de:28:8e:55:25:67,-78,163
1719235632.1091657,de:28:8e:55:25:67,-74,163
1719235634.1210997,de:28:8e:55:25:67,-81,163
1719235646.1684508,de:28:8e:55:25:67,-76,163
1719235652.2043412,de:28:8e:55:25:67,-77,163
1719235663.251012,de:28:8e:55:25:67,-78,163
1719235675.2995226,de:28:8e:55:25:67,-77,163
1719235684.364415,de:28:8e:55:25:67,-80,163
1719235695.5072768,de:28:8e:55:25:67,-75,163
1719235696.4351337,de:28:8e:55:25:67,-79,163
1719235705.5220394,de:28:8e:55:25:67,-78,163
1719235732.6196568,de:28:8e:55:25:67,-78,163
1719235737.6545992,de:28:8e:55:25:67,-74,163
1719235760.0173569,de:28:8e:55:25:67,-80,133
1719235810.0800283,de:28:8e:55:25:67,-72,163
1719235814.1055174,de:28:8e:55:25:67,-73,163
1719235823.153124,de:28:8e:55:25:67,-73,163
1719235841.4889328,de:28:8e:55:25:67,-79,133
1719235843.265423,de:28:8e:55:25:67,-79,163
1719235849.319769,de:28:8e:55:25:67,-77,163
1719235859.3474035,de:28:8e:55:25:67,-84,163
1719235874.427395,de:28:8e:55:25:67,-80,163
1719235876.4456546,de:28:8e:55:25:67,-79,163
1719235881.4604206,de:28:8e:55:25:67,-80,163
1719235992.2955737,de:28:8e:55:25:67,-79,133
1719236014.398755,de:28:8e:55:25:67,-77,133
1719236026.1987257,de:28:8e:55:25:67,-79,163
1719236035.258507,de:28:8e:55:25:67,-79,163
1719236037.2780626,de:28:8e:55:25:67,-74,163
1719236039.2964866,de:28:8e:55:25:67,-73,163
1719236041.2993932,de:28:8e:55:25:67,-76,163
1719236045.389565,de:28:8e:55:25:67,-74,163
1719236046.3244388,de:28:8e:55:25:67,-72,163
1719236055.3670146,de:28:8e:55:25:67,-78,163
1719236056.3737776,de:28:8e:55:25:67,-73,163
1719236063.4242067,de:28:8e:55:25:67,-74,163
1719236070.4572084,de:28:8e:55:25:67,-82,163
1719236074.4834454,de:28:8e:55:25:67,-82,163
1719236078.51064,de:28:8e:55:25:67,-81,163
1719236082.52897,de:28:8e:55:25:67,-78,163
1719236091.5786393,de:28:8e:55:25:67,-77,163
1719236178.0337222,de:28:8e:55:25:67,-73,163
1719236182.0365298,de:28:8e:55:25:67,-74,163
1719236198.1470892,de:28:8e:55:25:67,-78,163
1719236204.1735294,de:28:8e:55:25:67,-74,163
1719236213.2274537,de:28:8e:55:25:67,-73,163
1719236216.293655,de:28:8e:55:25:67,-78,163
1719236218.2615242,de:28:8e:55:25:67,-77,163
1719236219.2543683,de:28:8e:55:25:67,-77,163
1719236226.296049,de:28:8e:55:25:67,-74,163
1719236232.3312943,de:28:8e:55:25:67,-75,163
1719236239.364324,de:28:8e:55:25:67,-74,163
1719236240.3686936,de:28:8e:55:25:67,-78,163
1719236241.3779924,de:28:8e:55:25:67,-78,163
1719236253.4072871,de:28:8e:55:25:67,-76,163
1719236254.4231756,de:28:8e:55:25:67,-76,163
1719236256.453303,de:28:8e:55:25:67,-79,163
1719236259.4625728,de:28:8e:55:25:67,-73,163
1719236261.459196,de:28:8e:55:25:67,-73,163
1719236274.53107,de:28:8e:55:25:67,-79,163
1719236277.5702653,de:28:8e:55:25:67,-80,163
1719236282.5863304,de:28:8e:55:25:67,-80,163
1719236285.592487,de:28:8e:55:25:67,-72,163
1719236288.6154048,de:28:8e:55:25:67,-74,163
1719236386.0948017,de:28:8e:55:25:67,-75,163
1719236393.1257577,de:28:8e:55:25:67,-76,163
1719236395.1407478,de:28:8e:55:25:67,-75,163
1719236413.1999369,de:28:8e:55:25:67,-80,163
1719236422.2332735,de:28:8e:55:25:67,-77,163
1719236433.3004465,de:28:8e:55:25:67,-78,163
1719236443.3437495,de:28:8e:55:25:67,-77,163
1719236454.424484,de:28:8e:55:25:67,-81,163
1719236458.4477353,de:28:8e:55:25:67,-79,163
1719236461.4604132,de:28:8e:55:25:67,-75,163
1719236483.6047213,de:28:8e:55:25:67,-73,163
1719236585.1163836,de:28:8e:55:25:67,-73,163
1719236592.165872,de:28:8e:55:25:67,-81,163
1719236593.1542792,de:28:8e:55:25:67,-73,163
1719236598.2035716,de:28:8e:55:25:67,-72,163
1719236599.1952646,de:28:8e:55:25:67,-72,163
1719236601.204649,de:28:8e:55:25:67,-73,163
1719236602.2248929,de:28:8e:55:25:67,-73,163
1719236605.2303455,de:28:8e:55:25:67,-75,163
1719236609.246865,de:28:8e:55:25:67,-73,163
1719236612.299525,de:28:8e:55:25:67,-73,163
1719236639.4359329,de:28:8e:55:25:67,-76,163
1719236646.481347,de:28:8e:55:25:67,-71,163
1719236654.5262997,de:28:8e:55:25:67,-72,163
1719236678.6373713,de:28:8e:55:25:67,-74,163
1719236769.1499326,de:28:8e:55:25:67,-72,163
1719236775.1667156,de:28:8e:55:25:67,-71,163
1719236778.1748202,de:28:8e:55:25:67,-76,163
1719236787.252154,de:28:8e:55:25:67,-75,163
1719236791.2576635,de:28:8e:55:25:67,-72,163
1719236812.385949,de:28:8e:55:25:67,-73,163
1719236813.3883815,de:28:8e:55:25:67,-81,163
1719236835.5333009,de:28:8e:55:25:67,-75,163
1719236845.5785666,de:28:8e:55:25:67,-74,163
1719236902.1367838,de:28:8e:55:25:67,-81,133
1719236918.0335305,de:28:8e:55:25:67,-73,163
1719236964.2997756,de:28:8e:55:25:67,-72,163
1719236972.3179493,de:28:8e:55:25:67,-75,163
1719236975.3395064,de:28:8e:55:25:67,-74,163
1719236983.4112225,de:28:8e:55:25:67,-74,163
1719236994.432083,de:28:8e:55:25:67,-74,163
1719237161.2706487,de:28:8e:55:25:67,-72,163
1719237169.3056133,de:28:8e:55:25:67,-74,163
1719237174.3358915,de:28:8e:55:25:67,-72,163
1719237181.3731391,de:28:8e:55:25:67,-74,163
1719237193.4739356,de:28:8e:55:25:67,-74,163
1719237197.495406,de:28:8e:55:25:67,-72,163
1719237225.629629,de:28:8e:55:25:67,-74,163
1719237240.723029,de:28:8e:55:25:67,-73,163
1719237310.07348,de:28:8e:55:25:67,-72,163
1719237337.2295225,de:28:8e:55:25:67,-72,163
1719237347.2708032,de:28:8e:55:25:67,-74,163
1719237365.383185,de:28:8e:55:25:67,-75,163
1719237391.517209,de:28:8e:55:25:67,-74,163
1719237508.3145783,de:28:8e:55:25:67,-79,133
1719237526.1433475,de:28:8e:55:25:67,-74,163
1719237529.1447482,de:28:8e:55:25:67,-74,163
1719237543.2327187,de:28:8e:55:25:67,-76,163
1719237544.2455533,de:28:8e:55:25:67,-74,163
1719237549.2711873,de:28:8e:55:25:67,-73,163
1719237552.2951672,de:28:8e:55:25:67,-74,163
1719237558.318232,de:28:8e:55:25:67,-78,163
1719237560.359803,de:28:8e:55:25:67,-81,163
1719237564.3548386,de:28:8e:55:25:67,-78,163
1719237569.4103968,de:28:8e:55:25:67,-78,163
1719237700.285922,de:28:8e:55:25:67,-83,133
1719237702.032992,de:28:8e:55:25:67,-73,163
1719237728.1920063,de:28:8e:55:25:67,-81,163
1719237780.410333,de:28:8e:55:25:67,-75,163
1719237782.4614878,de:28:8e:55:25:67,-79,163
1719237799.5234396,de:28:8e:55:25:67,-75,163
1719237813.616156,de:28:8e:55:25:67,-73,163
1719237894.2790785,de:28:8e:55:25:67,-82,133
1719237921.2530718,de:28:8e:55:25:67,-72,163
1719237929.311906,de:28:8e:55:25:67,-73,163
1719237938.3458452,de:28:8e:55:25:67,-74,163
1719237940.353467,de:28:8e:55:25:67,-80,163
1719237946.3990035,de:28:8e:55:25:67,-72,163
1719237949.423338,de:28:8e:55:25:67,-71,163
1719237955.4374137,de:28:8e:55:25:67,-82,163
1719237960.4732184,de:28:8e:55:25:67,-73,163
1719237961.4853272,de:28:8e:55:25:67,-73,163
1719237994.6660166,de:28:8e:55:25:67,-75,163
1719238000.7003088,de:28:8e:55:25:67,-75,163
1719238058.224641,de:28:8e:55:25:67,-86,133
1719238071.036912,de:28:8e:55:25:67,-75,163
1719238097.1649551,de:28:8e:55:25:67,-78,163
1719238100.1937904,de:28:8e:55:25:67,-81,163
1719238122.2971315,de:28:8e:55:25:67,-83,163
1719238136.371973,de:28:8e:55:25:67,-75,163
1719238146.4368932,de:28:8e:55:25:67,-74,163
1719238152.4499648,de:28:8e:55:25:67,-75,163
1719238177.5663433,de:28:8e:55:25:67,-74,163
1719238232.0756483,de:28:8e:55:25:67,-83,133
1719238244.1487813,de:28:8e:55:25:67,-83,133
1719238270.0673242,de:28:8e:55:25:67,-75,163
1719238270.3871708,de:28:8e:55:25:67,-80,133
1719238286.164293,de:28:8e:55:25:67,-76,163
1719238298.4483285,de:28:8e:55:25:67,-82,133
1719238339.4671333,de:28:8e:55:25:67,-74,163
1719238343.5080478,de:28:8e:55:25:67,-73,163
1719238360.5974996,de:28:8e:55:25:67,-72,163
1719238366.6048212,de:28:8e:55:25:67,-74,163
1719238371.6255722,de:28:8e:55:25:67,-74,163
1719238424.1456857,de:28:8e:55:25:67,-84,133
1719238452.2811482,de:28:8e:55:25:67,-84,133
1719238455.070855,de:28:8e:55:25:67,-73,163
1719238468.1305618,de:28:8e:55:25:67,-80,163
1719238486.243573,de:28:8e:55:25:67,-74,163
1719238492.3107667,de:28:8e:55:25:67,-77,163
1719238505.3430996,de:28:8e:55:25:67,-79,163
1719238572.665087,de:28:8e:55:25:67,-72,163
1719238638.0434885,de:28:8e:55:25:67,-76,163
1719238654.0972886,de:28:8e:55:25:67,-78,163
1719238673.1637003,de:28:8e:55:25:67,-76,163
1719238674.4439466,de:28:8e:55:25:67,-81,133
1719238688.235102,de:28:8e:55:25:67,-80,163
1719238698.2816763,de:28:8e:55:25:67,-75,163
1719238702.302451,de:28:8e:55:25:67,-74,163
1719238704.3100295,de:28:8e:55:25:67,-74,163
1719238712.3740578,de:28:8e:55:25:67,-74,163
1719238714.380049,de:28:8e:55:25:67,-74,163
1719238718.4065273,de:28:8e:55:25:67,-80,163
1719238732.4476595,de:28:8e:55:25:67,-78,163
1719238782.7084424,de:28:8e:55:25:67,-76,163
1719238845.0282362,de:28:8e:55:25:67,-77,163
1719238859.1037,de:28:8e:55:25:67,-72,163
1719238863.130613,de:28:8e:55:25:67,-79,163
1719238872.1603384,de:28:8e:55:25:67,-82,163
1719238882.208778,de:28:8e:55:25:67,-77,163
1719238890.2335443,de:28:8e:55:25:67,-77,163
1719238899.2707186,de:28:8e:55:25:67,-77,163
1719238903.3075776,de:28:8e:55:25:67,-77,163
1719238913.3665557,de:28:8e:55:25:67,-78,163
1719238919.4038448,de:28:8e:55:25:67,-80,163
1719238925.4298775,de:28:8e:55:25:67,-77,163
1719238927.4336104,de:28:8e:55:25:67,-80,163
1719239002.0747306,de:28:8e:55:25:67,-80,133
1719239044.057568,de:28:8e:55:25:67,-78,163
1719239046.0743115,de:28:8e:55:25:67,-73,163
1719239050.309549,de:28:8e:55:25:67,-81,133
1719239056.1153686,de:28:8e:55:25:67,-74,163
1719239056.342078,de:28:8e:55:25:67,-81,133
1719239060.1414416,de:28:8e:55:25:67,-79,163
1719239069.1657517,de:28:8e:55:25:67,-78,163
1719239077.2176912,de:28:8e:55:25:67,-72,163
1719239097.316197,de:28:8e:55:25:67,-71,163
1719239212.1635408,de:28:8e:55:25:67,-82,133
1719239237.0318809,de:28:8e:55:25:67,-82,163
1719239249.089368,de:28:8e:55:25:67,-80,163
1719239263.170062,de:28:8e:55:25:67,-78,163
1719239285.2375877,de:28:8e:55:25:67,-73,163
1719239287.248386,de:28:8e:55:25:67,-72,163
1719239289.2552729,de:28:8e:55:25:67,-73,163
1719239301.3002486,de:28:8e:55:25:67,-79,163
1719239315.365146,de:28:8e:55:25:67,-76,163
1719239443.0376842,de:28:8e:55:25:67,-76,163
1719239471.2526274,de:28:8e:55:25:67,-74,163
1719239620.2615333,de:28:8e:55:25:67,-82,133
1719239625.041134,de:28:8e:55:25:67,-78,163
1719239660.4519432,de:28:8e:55:25:67,-82,133
1719239701.4448218,de:28:8e:55:25:67,-76,163
1719239796.158599,de:28:8e:55:25:67,-82,133
1719239816.2968674,de:28:8e:55:25:67,-82,133
1719239835.138143,de:28:8e:55:25:67,-74,163
1719239845.200379,de:28:8e:55:25:67,-74,163
1719239861.2911055,de:28:8e:55:25:67,-79,163
1719239887.4443,de:28:8e:55:25:67,-75,163
1719239893.465506,de:28:8e:55:25:67,-75,163
1719240287.492349,de:28:8e:55:25:67,-77,163
1719240393.043044,de:28:8e:55:25:67,-77,163
1719240403.0598893,de:28:8e:55:25:67,-76,163
1719240411.1117997,de:28:8e:55:25:67,-76,163
1719240413.1374564,de:28:8e:55:25:67,-79,163
1719240425.1965048,de:28:8e:55:25:67,-77,163
1719240445.2785108,de:28:8e:55:25:67,-72,163
1719240449.3120437,de:28:8e:55:25:67,-77,163
1719240465.3970475,de:28:8e:55:25:67,-73,163
1719240479.4679346,de:28:8e:55:25:67,-80,163
1719240556.1102798,de:28:8e:55:25:67,-82,133
1719240587.040095,de:28:8e:55:25:67,-77,163
1719240595.0627143,de:28:8e:55:25:67,-77,163
1719240596.319747,de:28:8e:55:25:67,-77,133
1719240600.3424256,de:28:8e:55:25:67,-82,133
1719240603.1284575,de:28:8e:55:25:67,-79,163
1719240609.1489463,de:28:8e:55:25:67,-80,163
1719240611.189113,de:28:8e:55:25:67,-79,163
1719240625.226535,de:28:8e:55:25:67,-77,163
1719240631.2693682,de:28:8e:55:25:67,-72,163
1719240641.2978644,de:28:8e:55:25:67,-76,163
1719240643.328255,de:28:8e:55:25:67,-77,163
1719240645.3755198,de:28:8e:55:25:67,-76,163
1719240657.3974855,de:28:8e:55:25:67,-76,163
1719240669.461472,de:28:8e:55:25:67,-79,163
1719240673.476795,de:28:8e:55:25:67,-74,163
1719240793.0506394,de:28:8e:55:25:67,-79,163
1719240799.0830133,de:28:8e:55:25:67,-71,163
1719240817.1759782,de:28:8e:55:25:67,-70,163
1719240821.191625,de:28:8e:55:25:67,-80,163
1719240823.2013917,de:28:8e:55:25:67,-79,163
1719240837.2700384,de:28:8e:55:25:67,-78,163
1719240843.3066506,de:28:8e:55:25:67,-77,163
1719240859.367056,de:28:8e:55:25:67,-76,163
1719240867.4096086,de:28:8e:55:25:67,-78,163
1719240966.1366484,de:28:8e:55:25:67,-83,133
1719240970.1649432,de:28:8e:55:25:67,-81,133
1719241003.0653658,de:28:8e:55:25:67,-75,163
1719241022.392582,de:28:8e:55:25:67,-79,133
1719241023.1677923,de:28:8e:55:25:67,-72,163
1719241024.412331,de:28:8e:55:25:67,-80,133
1719241030.4427917,de:28:8e:55:25:67,-82,133
1719241039.2792032,de:28:8e:55:25:67,-78,163
1719241040.570402,de:28:8e:55:25:67,-79,133
1719241049.3216734,de:28:8e:55:25:67,-83,163
1719241055.3427963,de:28:8e:55:25:67,-71,163
1719241059.397072,de:28:8e:55:25:67,-78,163
1719241061.4000957,de:28:8e:55:25:67,-72,163
1719241065.3849914,de:28:8e:55:25:67,-71,163
1719241067.412435,de:28:8e:55:25:67,-73,163
1719241073.444455,de:28:8e:55:25:67,-74,163
1719241079.4663458,de:28:8e:55:25:67,-77,163
1719241083.4859188,de:28:8e:55:25:67,-72,163
1719241176.187297,de:28:8e:55:25:67,-83,133
1719241188.2344985,de:28:8e:55:25:67,-78,133
1719241201.0841813,de:28:8e:55:25:67,-77,163
1719241203.0947351,de:28:8e:55:25:67,-77,163
1719241209.1275136,de:28:8e:55:25:67,-76,163
1719241211.1356688,de:28:8e:55:25:67,-72,163
1719241215.1718607,de:28:8e:55:25:67,-72,163
1719241217.17389,de:28:8e:55:25:67,-72,163
1719241227.2357972,de:28:8e:55:25:67,-71,163
1719241229.2439852,de:28:8e:55:25:67,-72,163
1719241231.254374,de:28:8e:55:25:67,-77,163
1719241237.290938,de:28:8e:55:25:67,-77,163
1719241257.4039395,de:28:8e:55:25:67,-78,163
1719241261.4209545,de:28:8e:55:25:67,-78,163
1719241265.4478445,de:28:8e:55:25:67,-71,163
1719241336.041911,de:28:8e:55:25:67,-79,133
1719241352.1469264,de:28:8e:55:25:67,-80,133
1719241356.1778836,de:28:8e:55:25:67,-80,133
1719241371.0292828,de:28:8e:55:25:67,-72,163
1719241377.06371,de:28:8e:55:25:67,-73,163
1719241393.123768,de:28:8e:55:25:67,-78,163
1719241407.1967115,de:28:8e:55:25:67,-79,163
1719241419.247406,de:28:8e:55:25:67,-76,163
1719241429.3117688,de:28:8e:55:25:67,-75,163
1719241439.365815,de:28:8e:55:25:67,-81,163
1719241445.423154,de:28:8e:55:25:67,-79,163
1719241451.431858,de:28:8e:55:25:67,-80,163
1719241459.4750066,de:28:8e:55:25:67,-74,163
1719241528.056842,de:28:8e:55:25:67,-80,133
1719241570.2434182,de:28:8e:55:25:67,-79,133
1719241578.2836804,de:28:8e:55:25:67,-79,133
1719241579.0324717,de:28:8e:55:25:67,-73,163
1719241582.285275,de:28:8e:55:25:67,-84,133
1719241585.0663583,de:28:8e:55:25:67,-73,163
1719241591.1085954,de:28:8e:55:25:67,-73,163
1719241593.1276128,de:28:8e:55:25:67,-75,163
1719241597.138599,de:28:8e:55:25:67,-74,163
1719241601.164904,de:28:8e:55:25:67,-77,163
1719241608.4176,de:28:8e:55:25:67,-81,133
1719241611.2181785,de:28:8e:55:25:67,-77,163
1719241629.29937,de:28:8e:55:25:67,-79,163
1719241633.328212,de:28:8e:55:25:67,-80,163
1719241635.3345037,de:28:8e:55:25:67,-79,163
1719241641.3642068,de:28:8e:55:25:67,-73,163
1719241643.3844895,de:28:8e:55:25:67,-71,163
1719241657.4446409,de:28:8e:55:25:67,-73,163
1719241724.012984,de:28:8e:55:25:67,-80,133
1719241728.055153,de:28:8e:55:25:67,-80,133
1719241778.2811842,de:28:8e:55:25:67,-80,133
1719241779.0654433,de:28:8e:55:25:67,-80,163
1719241781.0744083,de:28:8e:55:25:67,-72,163
1719241857.4500678,de:28:8e:55:25:67,-74,163
1719241861.4711013,de:28:8e:55:25:67,-83,163
1719241938.1184075,de:28:8e:55:25:67,-80,133
1719241966.2661405,de:28:8e:55:25:67,-80,133
1719241967.0279944,de:28:8e:55:25:67,-78,163
1719241971.0404186,de:28:8e:55:25:67,-75,163
1719241977.0870612,de:28:8e:55:25:67,-82,163
1719241992.4042492,de:28:8e:55:25:67,-78,133
1719242035.3888094,de:28:8e:55:25:67,-80,163
1719242049.491623,de:28:8e:55:25:67,-79,163
1719242053.4818325,de:28:8e:55:25:67,-78,163
1719242116.0496132,de:28:8e:55:25:67,-79,133
1719242191.157917,de:28:8e:55:25:67,-75,163
1719242194.4171543,de:28:8e:55:25:67,-80,133
1719242211.3059871,de:28:8e:55:25:67,-77,163
1719242221.330642,de:28:8e:55:25:67,-79,163
1719242223.3384326,de:28:8e:55:25:67,-77,163
1719242227.3643296,de:28:8e:55:25:67,-78,163
1719242235.3936822,de:28:8e:55:25:67,-79,163
1719242251.493111,de:28:8e:55:25:67,-79,163
1719242384.133443,de:28:8e:55:25:67,-74,163
1719242398.2173553,de:28:8e:55:25:67,-72,163
1719242402.239939,de:28:8e:55:25:67,-72,163
1719242404.2400277,de:28:8e:55:25:67,-72,163
1719242406.2647748,de:28:8e:55:25:67,-76,163
1719242416.3022356,de:28:8e:55:25:67,-76,163
1719242422.327742,de:28:8e:55:25:67,-77,163
1719242428.356217,de:28:8e:55:25:67,-78,163
1719242440.43131,de:28:8e:55:25:67,-77,163
1719242442.4333608,de:28:8e:55:25:67,-75,163
1719242446.471327,de:28:8e:55:25:67,-78,163
1719242448.4825108,de:28:8e:55:25:67,-75,163
1719242505.004005,de:28:8e:55:25:67,-84,133
1719242549.2423673,de:28:8e:55:25:67,-81,133
1719242554.025711,de:28:8e:55:25:67,-81,163
1719242558.0267246,de:28:8e:55:25:67,-75,163
1719242560.0522304,de:28:8e:55:25:67,-81,163
1719242562.057983,de:28:8e:55:25:67,-79,163
1719242570.152022,de:28:8e:55:25:67,-77,163
1719242592.2430174,de:28:8e:55:25:67,-73,163
1719242600.2919817,de:28:8e:55:25:67,-79,163
1719242776.1965296,de:28:8e:55:25:67,-79,163
1719242778.1963117,de:28:8e:55:25:67,-82,163
1719242792.2592845,de:28:8e:55:25:67,-79,163
1719242794.26606,de:28:8e:55:25:67,-81,163
1719242812.333364,de:28:8e:55:25:67,-76,163
1719242830.4357605,de:28:8e:55:25:67,-77,163
1719242832.448722,de:28:8e:55:25:67,-72,163
1719242895.0265992,de:28:8e:55:25:67,-81,133
1719242945.2949314,de:28:8e:55:25:67,-79,133
1719242946.0245192,de:28:8e:55:25:67,-79,163
1719242948.0311425,de:28:8e:55:25:67,-75,163
1719242970.1386373,de:28:8e:55:25:67,-73,163
1719242974.1611445,de:28:8e:55:25:67,-77,163
1719242980.2045994,de:28:8e:55:25:67,-76,163
1719242988.2651367,de:28:8e:55:25:67,-79,163
1719242992.278725,de:28:8e:55:25:67,-76,163
1719242996.2998507,de:28:8e:55:25:67,-75,163
1719243002.328107,de:28:8e:55:25:67,-77,163
1719243022.424518,de:28:8e:55:25:67,-78,163
1719243032.4601386,de:28:8e:55:25:67,-81,163
1719243034.4671671,de:28:8e:55:25:67,-78,163
1719243036.471915,de:28:8e:55:25:67,-77,163
1719243042.4996142,de:28:8e:55:25:67,-77,163
1719243095.0429077,de:28:8e:55:25:67,-81,133
1719243123.2232656,de:28:8e:55:25:67,-82,133
1719243128.0196297,de:28:8e:55:25:67,-79,163
1719243136.0557616,de:28:8e:55:25:67,-77,163
1719243137.2944934,de:28:8e:55:25:67,-79,133
1719243138.058668,de:28:8e:55:25:67,-79,163
1719243146.1158743,de:28:8e:55:25:67,-75,163
1719243152.121741,de:28:8e:55:25:67,-78,163
1719243156.1446106,de:28:8e:55:25:67,-75,163
1719243161.4055598,de:28:8e:55:25:67,-83,133
1719243162.2096996,de:28:8e:55:25:67,-78,163
1719243167.4416704,de:28:8e:55:25:67,-79,133
1719243168.2014482,de:28:8e:55:25:67,-82,163
1719243176.2499995,de:28:8e:55:25:67,-79,163
1719243200.3572395,de:28:8e:55:25:67,-78,163
1719243308.043496,de:28:8e:55:25:67,-73,163
1719243316.0913365,de:28:8e:55:25:67,-77,163
1719243324.1326096,de:28:8e:55:25:67,-75,163
1719243332.1617851,de:28:8e:55:25:67,-80,163
1719243340.1913714,de:28:8e:55:25:67,-77,163
1719243346.2210507,de:28:8e:55:25:67,-77,163
1719243348.250819,de:28:8e:55:25:67,-78,163
1719243356.2818818,de:28:8e:55:25:67,-76,163
1719243362.2992787,de:28:8e:55:25:67,-76,163
1719243370.3265283,de:28:8e:55:25:67,-74,163
1719243376.3656793,de:28:8e:55:25:67,-78,163
1719243388.4355946,de:28:8e:55:25:67,-77,163
1719243402.5323703,de:28:8e:55:25:67,-80,163
1719243477.159743,de:28:8e:55:25:67,-81,133
1719243489.2127142,de:28:8e:55:25:67,-81,133
1719243502.0650215,de:28:8e:55:25:67,-74,163
1719243508.1008396,de:28:8e:55:25:67,-73,163
1719243513.3403037,de:28:8e:55:25:67,-79,133
1719243530.232511,de:28:8e:55:25:67,-75,163
1719243540.2841794,de:28:8e:55:25:67,-76,163
1719243550.3198614,de:28:8e:55:25:67,-78,163
1719243568.430115,de:28:8e:55:25:67,-77,163
1719243576.4644382,de:28:8e:55:25:67,-76,163
1719243690.0317876,de:28:8e:55:25:67,-76,163
1719243712.1531694,de:28:8e:55:25:67,-77,163
1719243714.1680086,de:28:8e:55:25:67,-77,163
1719243717.406819,de:28:8e:55:25:67,-81,133
1719243722.199525,de:28:8e:55:25:67,-77,163
1719243730.235106,de:28:8e:55:25:67,-79,163
1719243878.334228,de:28:8e:55:25:67,-80,133
1719243892.1604755,de:28:8e:55:25:67,-77,163
1719243898.190209,de:28:8e:55:25:67,-79,163
1719243904.22366,de:28:8e:55:25:67,-74,163
1719243910.2842383,de:28:8e:55:25:67,-77,163
1719243924.35085,de:28:8e:55:25:67,-76,163
1719243932.3683064,de:28:8e:55:25:67,-76,163
1719243944.4333768,de:28:8e:55:25:67,-79,163
1719243946.4354134,de:28:8e:55:25:67,-79,163
1719243950.4358528,de:28:8e:55:25:67,-76,163
1719243956.4812782,de:28:8e:55:25:67,-80,163
1719244064.023059,de:28:8e:55:25:67,-78,163
1719244068.0356605,de:28:8e:55:25:67,-76,163
1719244096.1907735,de:28:8e:55:25:67,-76,163
1719244116.294453,de:28:8e:55:25:67,-77,163
1719244124.3268597,de:28:8e:55:25:67,-76,163
1719244140.4388738,de:28:8e:55:25:67,-77,163
1719244146.487656,de:28:8e:55:25:67,-74,163
1719244242.17496,de:28:8e:55:25:67,-79,133
1719244254.0425904,de:28:8e:55:25:67,-78,163
1719244256.0362115,de:28:8e:55:25:67,-72,163
1719244258.047789,de:28:8e:55:25:67,-71,163
1719244264.0875497,de:28:8e:55:25:67,-73,163
1719244268.1240983,de:28:8e:55:25:67,-79,163
1719244271.344385,de:28:8e:55:25:67,-82,133
1719244284.1940212,de:28:8e:55:25:67,-79,163
1719244312.3203564,de:28:8e:55:25:67,-77,163
1719244316.3413813,de:28:8e:55:25:67,-74,163
1719244328.40525,de:28:8e:55:25:67,-74,163
1719244338.4388056,de:28:8e:55:25:67,-74,163
1719244344.4891243,de:28:8e:55:25:67,-71,163
1719244346.4749515,de:28:8e:55:25:67,-74,163
1719244464.2902756,de:28:8e:55:25:67,-78,133
1719244480.132648,de:28:8e:55:25:67,-77,163
1719244490.165905,de:28:8e:55:25:67,-78,163
1719244498.2093446,de:28:8e:55:25:67,-77,163
1719244508.2739875,de:28:8e:55:25:67,-76,163
1719244536.41241,de:28:8e:55:25:67,-77,163
1719244556.5054824,de:28:8e:55:25:67,-75,163
1719244558.5072317,de:28:8e:55:25:67,-74,163
1719244668.13442,de:28:8e:55:25:67,-80,163
1719244725.651621,de:28:8e:55:25:67,-79,133
1719247067.2316496,de:28:8e:55:25:67,-76,132
1719247075.360067,de:28:8e:55:25:67,-80,132
1719247076.0686126,de:28:8e:55:25:67,-75,133
1719247089.3578796,de:28:8e:55:25:67,-78,132
1719247096.0088685,de:28:8e:55:25:67,-84,124
1719247105.4273477,de:28:8e:55:25:67,-76,132
1719247121.3740146,de:28:8e:55:25:67,-77,133
1719247128.1959014,de:28:8e:55:25:67,-80,124
1719247134.4367633,de:28:8e:55:25:67,-76,133
1719247146.477829,de:28:8e:55:25:67,-79,133
1719247148.290647,de:28:8e:55:25:67,-80,124
1719247154.3293746,de:28:8e:55:25:67,-78,124
1719247440.0532093,de:28:8e:55:25:67,-83,133
1719247617.0773802,de:28:8e:55:25:67,-73,153
1719247637.137541,de:28:8e:55:25:67,-80,151
1719247646.1532204,de:28:8e:55:25:67,-81,151
1719247649.1810722,de:28:8e:55:25:67,-78,151
1719247661.2118511,de:28:8e:55:25:67,-84,146
1719247666.4291031,de:28:8e:55:25:67,-77,148
1719247679.0998652,de:28:8e:55:25:67,-76,147
1719247715.9957588,de:28:8e:55:25:67,-86,150
1719247760.557194,de:28:8e:55:25:67,-86,125
1719247791.2774642,de:28:8e:55:25:67,-82,154
1719247810.3891702,de:28:8e:55:25:67,-88,154
1719247827.168225,de:28:8e:55:25:67,-78,151
1719247863.1554976,de:28:8e:55:25:67,-85,156
1719247874.220515,de:28:8e:55:25:67,-88,156
1719247882.1390057,de:28:8e:55:25:67,-83,155
1719247888.1803684,de:28:8e:55:25:67,-91,155
1719247889.3618755,de:28:8e:55:25:67,-78,158
1719247891.392675,de:28:8e:55:25:67,-77,158
1719247906.4826748,de:28:8e:55:25:67,-81,133
1719247908.3438437,de:28:8e:55:25:67,-80,125
1719247910.3023422,de:28:8e:55:25:67,-79,125
1719247920.339713,de:28:8e:55:25:67,-78,124
1719247966.0376215,de:28:8e:55:25:67,-75,132
1719247968.0514448,de:28:8e:55:25:67,-74,135
1719247970.050811,de:28:8e:55:25:67,-72,135
1719247974.0931644,de:28:8e:55:25:67,-79,135
1719247978.3170834,de:28:8e:55:25:67,-73,154
1719247981.0159369,de:28:8e:55:25:67,-80,153
1719247982.3216922,de:28:8e:55:25:67,-76,154
1719247983.0337822,de:28:8e:55:25:67,-78,153
1719248006.0618956,de:28:8e:55:25:67,-71,133
1719248016.2343206,de:28:8e:55:25:67,-92,151
1719248027.1856518,de:28:8e:55:25:67,-84,146
1719248031.2356927,de:28:8e:55:25:67,-75,146
1719248038.4799,de:28:8e:55:25:67,-80,148
1719248041.497627,de:28:8e:55:25:67,-83,148
1719248045.127518,de:28:8e:55:25:67,-75,147
1719248056.1191895,de:28:8e:55:25:67,-86,155
1719248148.2533133,de:28:8e:55:25:67,-80,154
1719248150.2534657,de:28:8e:55:25:67,-77,154
1719248153.2758503,de:28:8e:55:25:67,-74,154
1719248157.2971368,de:28:8e:55:25:67,-77,154
1719248203.0302467,de:28:8e:55:25:67,-75,133
1719248207.2147667,de:28:8e:55:25:67,-73,132
1719248209.2290444,de:28:8e:55:25:67,-71,132
1719248213.2410405,de:28:8e:55:25:67,-76,132
1719248217.112437,de:28:8e:55:25:67,-79,133
1719248223.1325555,de:28:8e:55:25:67,-81,133
1719248229.1616051,de:28:8e:55:25:67,-76,133
1719248235.195667,de:28:8e:55:25:67,-79,133
1719248237.321606,de:28:8e:55:25:67,-79,145
1719248241.235857,de:28:8e:55:25:67,-72,133
1719248241.3380473,de:28:8e:55:25:67,-81,145
1719248243.3504982,de:28:8e:55:25:67,-76,145
1719248249.3763516,de:28:8e:55:25:67,-76,145
1719248250.2779455,de:28:8e:55:25:67,-76,133
1719248257.432263,de:28:8e:55:25:67,-84,145
1719248290.0622947,de:28:8e:55:25:67,-85,149
1719248318.5580285,de:28:8e:55:25:67,-86,156
1719248329.5802112,de:28:8e:55:25:67,-83,147
1719248332.5189168,de:28:8e:55:25:67,-88,155
1719248336.6274636,de:28:8e:55:25:67,-76,147
1719248369.1421945,de:28:8e:55:25:67,-86,148
1719248378.190627,de:28:8e:55:25:67,-80,148
1719248384.226086,de:28:8e:55:25:67,-83,148
1719248404.3251162,de:28:8e:55:25:67,-84,148
1719248480.0604444,de:28:8e:55:25:67,-81,143
1719248498.1573749,de:28:8e:55:25:67,-94,143
1719248510.1817682,de:28:8e:55:25:67,-93,143
1719248530.1955526,de:28:8e:55:25:67,-72,108
1719248542.233524,de:28:8e:55:25:67,-74,108
1719248544.2495062,de:28:8e:55:25:67,-70,108
1719248547.128905,de:28:8e:55:25:67,-75,161
1719248627.2720656,de:28:8e:55:25:67,-80,106
1719248726.2674592,de:28:8e:55:25:67,-73,108
1719248732.3066876,de:28:8e:55:25:67,-73,108
1719248845.0551934,de:28:8e:55:25:67,-74,163
1719248898.362502,de:28:8e:55:25:67,-78,124
1719248962.4367588,de:28:8e:55:25:67,-76,108
1719248972.5592363,de:28:8e:55:25:67,-75,108
1719248980.550959,de:28:8e:55:25:67,-69,108
1719248982.548555,de:28:8e:55:25:67,-73,108
1719248985.09666,de:28:8e:55:25:67,-80,133
1719248986.5780709,de:28:8e:55:25:67,-77,108
1719248988.5819197,de:28:8e:55:25:67,-80,108
1719249006.210172,de:28:8e:55:25:67,-78,133
1719249061.4370644,de:28:8e:55:25:67,-80,133
1719249076.2673607,de:28:8e:55:25:67,-79,120
1719249079.310661,de:28:8e:55:25:67,-86,115
1719249179.0130615,de:28:8e:55:25:67,-78,133
1719249218.238675,de:28:8e:55:25:67,-81,133
1719249222.4987526,de:28:8e:55:25:67,-80,124
1719249233.313467,de:28:8e:55:25:67,-82,133
1719249292.4484534,de:28:8e:55:25:67,-82,124
1719249296.566138,de:28:8e:55:25:67,-80,124
1719249408.048398,de:28:8e:55:25:67,-83,124
1719249418.0857232,de:28:8e:55:25:67,-82,124
1719249426.2125063,de:28:8e:55:25:67,-79,124
1719249438.1923068,de:28:8e:55:25:67,-79,124
1719249448.264637,de:28:8e:55:25:67,-79,124
1719249450.255063,de:28:8e:55:25:67,-80,124
1719249462.3424532,de:28:8e:55:25:67,-82,124
1719249466.3354645,de:28:8e:55:25:67,-80,124
1719249486.4334407,de:28:8e:55:25:67,-81,124
1719249620.1621037,de:28:8e:55:25:67,-82,124
1719249624.170241,de:28:8e:55:25:67,-81,124
1719249672.4526803,de:28:8e:55:25:67,-84,124
1719249804.086643,de:28:8e:55:25:67,-83,124
1719249816.160751,de:28:8e:55:25:67,-82,124
1719249834.2739637,de:28:8e:55:25:67,-82,124
1719249962.96898,de:28:8e:55:25:67,-81,124
1719250001.169024,de:28:8e:55:25:67,-80,124
1719250148.969689,de:28:8e:55:25:67,-82,124
1719250152.9966345,de:28:8e:55:25:67,-80,124
1719250156.998171,de:28:8e:55:25:67,-82,124
1719250169.050908,de:28:8e:55:25:67,-84,124
1719250183.1280737,de:28:8e:55:25:67,-82,124
1719250193.1751692,de:28:8e:55:25:67,-82,124
1719250217.3133922,de:28:8e:55:25:67,-82,124
1719250341.9770007,de:28:8e:55:25:67,-80,124
1719250354.030333,de:28:8e:55:25:67,-78,124
1719250362.081178,de:28:8e:55:25:67,-82,124
1719250366.0997145,de:28:8e:55:25:67,-82,124
1719250372.143386,de:28:8e:55:25:67,-79,124
1719250402.3301256,de:28:8e:55:25:67,-81,124
1719250406.3116198,de:28:8e:55:25:67,-82,124
1719250414.3702028,de:28:8e:55:25:67,-81,124
1719250416.3392055,de:28:8e:55:25:67,-83,124
1719250436.4309683,de:28:8e:55:25:67,-80,124
1719250558.0645542,de:28:8e:55:25:67,-82,124
1719250604.3043227,de:28:8e:55:25:67,-80,124
1719250733.958905,de:28:8e:55:25:67,-81,124
1719250737.9787362,de:28:8e:55:25:67,-81,124
1719250754.0608182,de:28:8e:55:25:67,-83,124
1719250768.183477,de:28:8e:55:25:67,-80,124
1719250782.2253673,de:28:8e:55:25:67,-81,124
1719250794.299086,de:28:8e:55:25:67,-80,124
1719250800.334335,de:28:8e:55:25:67,-80,124
1719250826.432481,de:28:8e:55:25:67,-80,124
1719250830.4403565,de:28:8e:55:25:67,-82,124
1719250926.995422,de:28:8e:55:25:67,-81,124
1719250960.1754162,de:28:8e:55:25:67,-84,124
1719250988.3462677,de:28:8e:55:25:67,-87,124
1719251116.0069757,de:28:8e:55:25:67,-88,124
1719251146.1578598,de:28:8e:55:25:67,-84,124
1719251150.2255208,de:28:8e:55:25:67,-83,124
1719251172.3763196,de:28:8e:55:25:67,-82,124
1719251307.0420058,de:28:8e:55:25:67,-82,124
1719251313.0389802,de:28:8e:55:25:67,-84,124
1719251341.2239838,de:28:8e:55:25:67,-81,124
1719251500.9796622,de:28:8e:55:25:67,-85,124
1719251670.973114,de:28:8e:55:25:67,-84,124
1719251699.13357,de:28:8e:55:25:67,-86,124
1719251713.2062562,de:28:8e:55:25:67,-84,124
1719251746.3698857,de:28:8e:55:25:67,-83,124
1719251748.3823867,de:28:8e:55:25:67,-85,124
1719251754.445104,de:28:8e:55:25:67,-82,124
1719251876.0527272,de:28:8e:55:25:67,-83,124
1719251948.3508458,de:28:8e:55:25:67,-85,124
1719252094.1041305,de:28:8e:55:25:67,-84,124
1719252102.129979,de:28:8e:55:25:67,-82,124
1719252330.3834732,de:28:8e:55:25:67,-83,124
1719252457.0118709,de:28:8e:55:25:67,-83,124
1719252472.468843,de:28:8e:55:25:67,-84,132
1719252655.39296,de:28:8e:55:25:67,-84,132
1719252665.044743,de:28:8e:55:25:67,-80,124
1719252671.0781674,de:28:8e:55:25:67,-82,124
1719252697.2151132,de:28:8e:55:25:67,-85,124
1719252901.3165958,de:28:8e:55:25:67,-85,124
1719252948.5700777,de:28:8e:55:25:67,-80,124
1719253040.0576203,de:28:8e:55:25:67,-81,124
1719253316.5260904,de:28:8e:55:25:67,-82,124
1719253416.0838003,de:28:8e:55:25:67,-81,124
1719253424.113911,de:28:8e:55:25:67,-85,124
1719253451.2475111,de:28:8e:55:25:67,-84,124
1719253495.478717,de:28:8e:55:25:67,-80,124
1719253645.259813,de:28:8e:55:25:67,-81,124
1719253647.15986,de:28:8e:55:25:67,-79,124
1719253653.178902,de:28:8e:55:25:67,-82,124
1719253673.3426547,de:28:8e:55:25:67,-81,124
1719253682.3400495,de:28:8e:55:25:67,-82,124
1719253690.3913317,de:28:8e:55:25:67,-79,124
1719253705.4743724,de:28:8e:55:25:67,-80,124
1719253720.566793,de:28:8e:55:25:67,-80,124
1719253809.0098743,de:28:8e:55:25:67,-80,124
1719253820.0581465,de:28:8e:55:25:67,-84,124
1719253837.1446826,de:28:8e:55:25:67,-80,124
1719253839.1743855,de:28:8e:55:25:67,-79,124
1719253888.452038,de:28:8e:55:25:67,-80,124
1719254590.9920492,de:28:8e:55:25:67,-88,124
1719254801.1144264,de:28:8e:55:25:67,-85,124
1719255217.2089596,de:28:8e:55:25:67,-84,124
1719255456.610351,de:28:8e:55:25:67,-85,124
1719255610.3524518,de:28:8e:55:25:67,-86,124
1719255970.1610525,de:28:8e:55:25:67,-83,124
1719255992.2424195,de:28:8e:55:25:67,-83,124
1719256357.1709514,de:28:8e:55:25:67,-83,124
1719256379.300918,de:28:8e:55:25:67,-80,124
1719256381.3003268,de:28:8e:55:25:67,-87,124
1719256416.451106,de:28:8e:55:25:67,-81,124
1719256420.4794817,de:28:8e:55:25:67,-81,124
1719256427.5128715,de:28:8e:55:25:67,-81,124
1719256557.2381034,de:28:8e:55:25:67,-80,124
1719256582.3595154,de:28:8e:55:25:67,-80,124
1719256588.438764,de:28:8e:55:25:67,-84,124
1719256593.489107,de:28:8e:55:25:67,-80,124
1719256597.4744568,de:28:8e:55:25:67,-79,124
1719256617.5912983,de:28:8e:55:25:67,-79,124
1719256626.6428063,de:28:8e:55:25:67,-81,124
1719256690.0077589,de:28:8e:55:25:67,-79,124
1719256730.222958,de:28:8e:55:25:67,-79,124
1719256757.3137047,de:28:8e:55:25:67,-80,124
1719256769.37073,de:28:8e:55:25:67,-82,124
1719256793.490513,de:28:8e:55:25:67,-79,124
1719256890.993759,de:28:8e:55:25:67,-80,124
1719256929.1743047,de:28:8e:55:25:67,-79,124
1719256931.2298596,de:28:8e:55:25:67,-80,124
1719256933.2343686,de:28:8e:55:25:67,-84,124
1719256940.2535622,de:28:8e:55:25:67,-83,124
1719256947.277805,de:28:8e:55:25:67,-79,124
1719256963.3563404,de:28:8e:55:25:67,-85,124
1719256965.3645308,de:28:8e:55:25:67,-82,124
1719257091.0094934,de:28:8e:55:25:67,-81,124
1719257093.021551,de:28:8e:55:25:67,-79,124
1719257100.0856376,de:28:8e:55:25:67,-81,124
1719257107.088323,de:28:8e:55:25:67,-80,124
1719257116.138729,de:28:8e:55:25:67,-80,124
1719257118.1597404,de:28:8e:55:25:67,-82,124
1719257123.216543,de:28:8e:55:25:67,-79,124
1719257125.1600978,de:28:8e:55:25:67,-84,124
1719257127.1733797,de:28:8e:55:25:67,-80,124
1719257132.190133,de:28:8e:55:25:67,-78,124
1719257145.2498505,de:28:8e:55:25:67,-81,124
1719257196.47422,de:28:8e:55:25:67,-82,124
1719257198.514442,de:28:8e:55:25:67,-78,124
1719257295.9692607,de:28:8e:55:25:67,-83,124
1719257326.1472352,de:28:8e:55:25:67,-82,124
1719257333.2058363,de:28:8e:55:25:67,-82,124
1719257382.5719995,de:28:8e:55:25:67,-85,124
1719257487.0344825,de:28:8e:55:25:67,-82,124
1719257494.0744202,de:28:8e:55:25:67,-84,124
1719257501.3368807,de:28:8e:55:25:67,-82,124
1719257685.0260952,de:28:8e:55:25:67,-82,124
1719257742.3850808,de:28:8e:55:25:67,-82,124
1719257770.5136845,de:28:8e:55:25:67,-81,124
1719257786.567469,de:28:8e:55:25:67,-83,124
1719257793.592352,de:28:8e:55:25:67,-86,124
1719257971.4808588,de:28:8e:55:25:67,-82,124
1719257992.5808067,de:28:8e:55:25:67,-82,124
1719257994.5903623,de:28:8e:55:25:67,-81,124
1719258094.1542697,de:28:8e:55:25:67,-82,124
1719258124.4144547,de:28:8e:55:25:67,-82,124
1719258134.3472342,de:28:8e:55:25:67,-85,124
1719258276.076748,de:28:8e:55:25:67,-83,124
1719258281.094686,de:28:8e:55:25:67,-82,124
1719258286.162224,de:28:8e:55:25:67,-83,124
1719258300.1662323,de:28:8e:55:25:67,-84,124
1719258304.1829164,de:28:8e:55:25:67,-78,124
1719258316.2296832,de:28:8e:55:25:67,-82,124
1719258319.265601,de:28:8e:55:25:67,-82,124
1719258333.3464231,de:28:8e:55:25:67,-80,124
1719258340.3573897,de:28:8e:55:25:67,-83,124
1719258343.381291,de:28:8e:55:25:67,-79,124
1719258359.4966528,de:28:8e:55:25:67,-80,124
1719258479.3212855,de:28:8e:55:25:67,-83,124
1719258510.2874804,de:28:8e:55:25:67,-80,124
1719258524.4981918,de:28:8e:55:25:67,-80,124
1719258531.4051845,de:28:8e:55:25:67,-81,124
1719258543.5110395,de:28:8e:55:25:67,-80,124
1719258550.4959655,de:28:8e:55:25:67,-81,124
1719258878.1895492,de:28:8e:55:25:67,-82,124
1719258892.2654984,de:28:8e:55:25:67,-82,124
1719258919.43155,de:28:8e:55:25:67,-84,124
1719258921.4320097,de:28:8e:55:25:67,-86,124
1719258926.4678483,de:28:8e:55:25:67,-83,124
1719259042.099424,de:28:8e:55:25:67,-83,124
1719259045.1186745,de:28:8e:55:25:67,-85,124
1719259050.1274996,de:28:8e:55:25:67,-84,124
1719259074.2686265,de:28:8e:55:25:67,-83,124
1719259093.355506,de:28:8e:55:25:67,-79,124
1719259110.4646423,de:28:8e:55:25:67,-85,124
1719259117.511553,de:28:8e:55:25:67,-83,124
1719259122.5379922,de:28:8e:55:25:67,-85,124
1719259190.953765,de:28:8e:55:25:67,-84,124
1719259195.995326,de:28:8e:55:25:67,-84,124
1719259218.1050336,de:28:8e:55:25:67,-84,124
1719259233.2246225,de:28:8e:55:25:67,-86,124
1719259245.2707272,de:28:8e:55:25:67,-82,124
1719259250.2944229,de:28:8e:55:25:67,-84,124
1719259253.3074217,de:28:8e:55:25:67,-87,124
1719259263.3426738,de:28:8e:55:25:67,-83,124
1719259278.3922296,de:28:8e:55:25:67,-86,124
1719259310.7844996,de:28:8e:55:25:67,-81,124
1719259324.0578496,de:28:8e:55:25:67,-85,132
1719259436.2567182,de:28:8e:55:25:67,-83,124
1719259453.344047,de:28:8e:55:25:67,-81,124
1719259468.4098604,de:28:8e:55:25:67,-82,124
1719259470.4233527,de:28:8e:55:25:67,-83,124
1719259473.430498,de:28:8e:55:25:67,-81,124
1719259603.090367,de:28:8e:55:25:67,-82,124
1719259606.0976026,de:28:8e:55:25:67,-84,124
1719259611.1248784,de:28:8e:55:25:67,-80,124
1719259625.2193756,de:28:8e:55:25:67,-82,124
1719259647.3017752,de:28:8e:55:25:67,-80,124
1719259650.3106894,de:28:8e:55:25:67,-82,124
1719259803.065033,de:28:8e:55:25:67,-80,124
1719259825.2328303,de:28:8e:55:25:67,-80,124
1719259830.262113,de:28:8e:55:25:67,-78,124
1719259855.3943794,de:28:8e:55:25:67,-81,124
1719259858.4127462,de:28:8e:55:25:67,-80,124
1719259863.430869,de:28:8e:55:25:67,-81,124
1719259865.4578807,de:28:8e:55:25:67,-80,124
1719259870.476982,de:28:8e:55:25:67,-79,124
1719259875.4932635,de:28:8e:55:25:67,-81,124
1719259890.5488129,de:28:8e:55:25:67,-85,124
1719259992.0654106,de:28:8e:55:25:67,-81,124
1719260024.2408469,de:28:8e:55:25:67,-83,124
1719260027.259005,de:28:8e:55:25:67,-82,124
1719260029.2663856,de:28:8e:55:25:67,-83,124
1719260038.8821445,de:28:8e:55:25:67,-81,124
1719260043.3183298,de:28:8e:55:25:67,-90,124
1719260051.3688946,de:28:8e:55:25:67,-81,124
1719260058.4008932,de:28:8e:55:25:67,-79,124
1719260061.4042895,de:28:8e:55:25:67,-81,124
1719260063.4245925,de:28:8e:55:25:67,-81,124
1719260083.5286224,de:28:8e:55:25:67,-84,124
1719260088.5536356,de:28:8e:55:25:67,-81,124
1719260186.0896063,de:28:8e:55:25:67,-83,124
1719260210.2214582,de:28:8e:55:25:67,-85,124
1719260218.2745783,de:28:8e:55:25:67,-81,124
1719260220.3105175,de:28:8e:55:25:67,-81,124
1719260233.344046,de:28:8e:55:25:67,-80,124
1719260238.3608549,de:28:8e:55:25:67,-82,124
1719260250.4378242,de:28:8e:55:25:67,-83,124
1719260260.5429842,de:28:8e:55:25:67,-80,124
1719260368.069403,de:28:8e:55:25:67,-83,124
1719260388.161203,de:28:8e:55:25:67,-84,124
1719260400.2245872,de:28:8e:55:25:67,-82,124
1719260403.2433958,de:28:8e:55:25:67,-84,124
1719260420.3387747,de:28:8e:55:25:67,-84,124
1719260448.5053046,de:28:8e:55:25:67,-84,124
1719260458.584214,de:28:8e:55:25:67,-83,124
1719260546.0498044,de:28:8e:55:25:67,-82,124
1719260551.153432,de:28:8e:55:25:67,-82,124
1719260576.1858978,de:28:8e:55:25:67,-84,124
1719260598.3061569,de:28:8e:55:25:67,-83,124
1719260603.3561685,de:28:8e:55:25:67,-83,124
1719260623.5232952,de:28:8e:55:25:67,-85,124
1719260638.5303817,de:28:8e:55:25:67,-84,124
1719260653.6233132,de:28:8e:55:25:67,-83,124
1719260726.179745,de:28:8e:55:25:67,-82,124
1719260786.281489,de:28:8e:55:25:67,-83,124
1719260791.3004124,de:28:8e:55:25:67,-84,124
1719260798.3368058,de:28:8e:55:25:67,-83,124
1719260803.3682234,de:28:8e:55:25:67,-84,124
1719260828.5382657,de:28:8e:55:25:67,-86,124
1719260858.654656,de:28:8e:55:25:67,-81,124
1719260983.348687,de:28:8e:55:25:67,-85,124
1719261215.524829,de:28:8e:55:25:67,-84,124
1719261413.5206797,de:28:8e:55:25:67,-83,124
1719261907.1796582,de:28:8e:55:25:67,-81,124
1719261930.2702634,de:28:8e:55:25:67,-80,124
1719261932.2834609,de:28:8e:55:25:67,-81,124
1719261935.4302835,de:28:8e:55:25:67,-80,124
1719261967.4584732,de:28:8e:55:25:67,-80,124
1719261977.5742238,de:28:8e:55:25:67,-80,124
1719261992.5693517,de:28:8e:55:25:67,-80,124
1719262096.16703,de:28:8e:55:25:67,-81,124
1719262109.30271,de:28:8e:55:25:67,-81,124
1719262124.4295952,de:28:8e:55:25:67,-81,124
1719262126.2654195,de:28:8e:55:25:67,-80,124
1719262154.4054167,de:28:8e:55:25:67,-81,124
1719262172.5788462,de:28:8e:55:25:67,-80,124
1719262182.5479555,de:28:8e:55:25:67,-82,124
1719262207.6822186,de:28:8e:55:25:67,-80,124
1719262262.970575,de:28:8e:55:25:67,-80,124
1719262268.0134487,de:28:8e:55:25:67,-80,124
1719262308.2072666,de:28:8e:55:25:67,-79,124
1719262315.2461648,de:28:8e:55:25:67,-79,124
1719262502.2270756,de:28:8e:55:25:67,-80,124
1719262512.2745037,de:28:8e:55:25:67,-82,124
1719262555.5905223,de:28:8e:55:25:67,-81,124
1719262575.5731816,de:28:8e:55:25:67,-81,124
1719262668.0433793,de:28:8e:55:25:67,-82,124
1719262673.06706,de:28:8e:55:25:67,-83,124
1719262693.1719005,de:28:8e:55:25:67,-82,124
1719262713.294813,de:28:8e:55:25:67,-83,124
1719262730.36622,de:28:8e:55:25:67,-82,124
1719262760.5254054,de:28:8e:55:25:67,-81,124
1719262765.543883,de:28:8e:55:25:67,-87,124
1719262863.1111226,de:28:8e:55:25:67,-82,124
1719262880.1714995,de:28:8e:55:25:67,-82,124
1719262885.2009225,de:28:8e:55:25:67,-80,124
1719262890.219308,de:28:8e:55:25:67,-88,124
1719262893.230735,de:28:8e:55:25:67,-81,124
1719262913.3423743,de:28:8e:55:25:67,-81,124
1719262920.357489,de:28:8e:55:25:67,-81,124
1719262970.5896158,de:28:8e:55:25:67,-82,124
1719263048.0034788,de:28:8e:55:25:67,-81,124
1719263063.0831575,de:28:8e:55:25:67,-80,124
1719263078.130888,de:28:8e:55:25:67,-80,124
1719263083.1682017,de:28:8e:55:25:67,-82,124
1719263090.189049,de:28:8e:55:25:67,-81,124
1719263118.334492,de:28:8e:55:25:67,-84,124
1719263145.486292,de:28:8e:55:25:67,-89,124
1719263150.5751617,de:28:8e:55:25:67,-80,124
1719263155.5478294,de:28:8e:55:25:67,-81,124
1719263268.1219966,de:28:8e:55:25:67,-78,124
1719263286.2017393,de:28:8e:55:25:67,-80,124
1719263460.2779846,de:28:8e:55:25:67,-82,124
1719263467.2354078,de:28:8e:55:25:67,-80,124
1719263483.3133998,de:28:8e:55:25:67,-81,124
1719263531.5639443,de:28:8e:55:25:67,-80,124
1719263644.258365,de:28:8e:55:25:67,-81,124
1719263850.3327763,de:28:8e:55:25:67,-80,124
1719263860.9515116,de:28:8e:55:25:67,-80,124
1719263877.0520012,de:28:8e:55:25:67,-80,124
1719263910.2408292,de:28:8e:55:25:67,0,124
1719264016.1481223,de:28:8e:55:25:67,-80,124
1719264041.2761817,de:28:8e:55:25:67,-81,124
1719264051.4217389,de:28:8e:55:25:67,-80,124
1719264203.1209078,de:28:8e:55:25:67,-79,124
1719264236.326391,de:28:8e:55:25:67,-82,124
1719264286.5626416,de:28:8e:55:25:67,-80,124
1719264395.1422522,de:28:8e:55:25:67,-80,124
1719264421.242955,de:28:8e:55:25:67,-82,124
1719264434.766363,de:28:8e:55:25:67,-85,124
1719264477.5528977,de:28:8e:55:25:67,-82,124
1719264567.960799,de:28:8e:55:25:67,-79,124
1719264635.2694058,de:28:8e:55:25:67,-82,124
1719264691.545214,de:28:8e:55:25:67,-84,124
1719264802.1373668,de:28:8e:55:25:67,-83,124
1719264809.185552,de:28:8e:55:25:67,-83,124
1719264882.568227,de:28:8e:55:25:67,-81,124
1719264897.6386538,de:28:8e:55:25:67,-83,124
1719264955.0040133,de:28:8e:55:25:67,-81,124
1719264990.1402414,de:28:8e:55:25:67,-81,124
1719264995.1692257,de:28:8e:55:25:67,-80,124
1719265022.3087118,de:28:8e:55:25:67,-83,124
1719265139.965695,de:28:8e:55:25:67,-80,124
1719265144.9972544,de:28:8e:55:25:67,-82,124
1719265150.0524454,de:28:8e:55:25:67,-79,124
1719265222.3970196,de:28:8e:55:25:67,-82,124
1719265237.4784153,de:28:8e:55:25:67,-81,124
1719265326.9739437,de:28:8e:55:25:67,-81,124
1719265337.0104764,de:28:8e:55:25:67,-82,124
1719265425.4411588,de:28:8e:55:25:67,-81,124
1719265427.4544845,de:28:8e:55:25:67,-82,124
1719265462.6574605,de:28:8e:55:25:67,-81,124
1719265534.032363,de:28:8e:55:25:67,-81,124
1719265539.068297,de:28:8e:55:25:67,-80,124
1719265552.2222786,de:28:8e:55:25:67,-81,124
1719265567.208253,de:28:8e:55:25:67,-80,124
1719265579.281761,de:28:8e:55:25:67,-82,124
1719265600.421686,de:28:8e:55:25:67,-81,124
1719265703.9897408,de:28:8e:55:25:67,-81,124
1719265722.081404,de:28:8e:55:25:67,-81,124
1719265740.3975463,de:28:8e:55:25:67,-81,124
1719265775.3669176,de:28:8e:55:25:67,-81,124
1719265924.233904,de:28:8e:55:25:67,-82,124
1719265961.4132116,de:28:8e:55:25:67,-83,124
1719265971.5050654,de:28:8e:55:25:67,-80,124
1719265976.5278337,de:28:8e:55:25:67,-82,124
1719265981.497778,de:28:8e:55:25:67,-82,124
1719266072.0040958,de:28:8e:55:25:67,-80,124
1719266082.0337577,de:28:8e:55:25:67,-79,124
1719266110.174735,de:28:8e:55:25:67,-82,124
1719266117.1974587,de:28:8e:55:25:67,-82,124
1719266122.2140377,de:28:8e:55:25:67,-83,124
1719266147.3251057,de:28:8e:55:25:67,-81,124
1719266152.341853,de:28:8e:55:25:67,-80,124
1719266163.4093218,de:28:8e:55:25:67,-81,124
1719266273.9587266,de:28:8e:55:25:67,-81,124
1719266299.1315832,de:28:8e:55:25:67,-82,124
1719266329.27309,de:28:8e:55:25:67,-81,124
1719266351.3917637,de:28:8e:55:25:67,-80,124
1719266376.519757,de:28:8e:55:25:67,-80,124
1719266502.2004588,de:28:8e:55:25:67,-83,124
1719266509.2562118,de:28:8e:55:25:67,-80,124
1719266517.31575,de:28:8e:55:25:67,-81,124
1719266524.3609686,de:28:8e:55:25:67,-84,124
1719266585.64231,de:28:8e:55:25:67,-81,124
1719266713.4960124,de:28:8e:55:25:67,-79,124
1719266891.380261,de:28:8e:55:25:67,-79,124
1719267009.0370872,de:28:8e:55:25:67,-81,124
1719267014.133478,de:28:8e:55:25:67,-79,124
1719267036.1622615,de:28:8e:55:25:67,-80,124
1719267061.2927845,de:28:8e:55:25:67,-80,124
1719267079.3815312,de:28:8e:55:25:67,-81,124
1719267086.4159524,de:28:8e:55:25:67,-82,124
1719267091.429231,de:28:8e:55:25:67,-82,124
1719267225.1002693,de:28:8e:55:25:67,-80,124
1719267253.3248625,de:28:8e:55:25:67,-81,124
1719267260.3262591,de:28:8e:55:25:67,-81,124
1719267273.4001353,de:28:8e:55:25:67,-82,124
1719267378.9695864,de:28:8e:55:25:67,-82,124
1719267434.3820572,de:28:8e:55:25:67,-81,124
1719267464.3792267,de:28:8e:55:25:67,-81,124
1719267494.584565,de:28:8e:55:25:67,-82,124
1719267631.4208305,de:28:8e:55:25:67,-82,124
1719267641.439163,de:28:8e:55:25:67,-80,124
1719267646.4717262,de:28:8e:55:25:67,-82,124
1719267749.0149152,de:28:8e:55:25:67,-84,124
1719267774.135467,de:28:8e:55:25:67,-81,124
1719267794.2388585,de:28:8e:55:25:67,-81,124
1719267809.3421063,de:28:8e:55:25:67,-83,124
1719267946.0313532,de:28:8e:55:25:67,-80,124
1719268006.312375,de:28:8e:55:25:67,-82,124
1719268167.147397,de:28:8e:55:25:67,-80,124
1719268182.2495654,de:28:8e:55:25:67,-83,124
1719268190.3571231,de:28:8e:55:25:67,-83,124
1719268266.6306927,de:28:8e:55:25:67,-83,124
1719268337.0494418,de:28:8e:55:25:67,-81,124
1719268390.3014548,de:28:8e:55:25:67,-81,124
1719268528.070631,de:28:8e:55:25:67,-82,124
1719268558.2804604,de:28:8e:55:25:67,-81,124
1719268570.2816072,de:28:8e:55:25:67,-82,124
1719268573.3055477,de:28:8e:55:25:67,-81,124
1719268621.541891,de:28:8e:55:25:67,-82,124
1719268711.9649048,de:28:8e:55:25:67,-81,124
1719268840.636464,de:28:8e:55:25:67,-79,124
1719268942.13403,de:28:8e:55:25:67,-82,124
1719268970.338637,de:28:8e:55:25:67,-80,124
1719268988.399303,de:28:8e:55:25:67,-81,124
1719268991.4145164,de:28:8e:55:25:67,-80,124
1719268993.502638,de:28:8e:55:25:67,-80,124
1719269094.596038,de:28:8e:55:25:67,-81,124
1719269124.1326952,de:28:8e:55:25:67,-80,124
1719269157.5099049,de:28:8e:55:25:67,-80,124
1719269165.3718886,de:28:8e:55:25:67,-81,124
1719269182.4633043,de:28:8e:55:25:67,-84,124
1719269212.6164572,de:28:8e:55:25:67,-82,124
1719269336.2505994,de:28:8e:55:25:67,-81,124
1719269346.3935478,de:28:8e:55:25:67,-80,124
1719269379.4716282,de:28:8e:55:25:67,-80,124
1719269482.9898772,de:28:8e:55:25:67,-82,124
1719269501.1403449,de:28:8e:55:25:67,-84,124
1719269540.361275,de:28:8e:55:25:67,-79,124
1719269560.4176354,de:28:8e:55:25:67,-80,124
1719269580.5206797,de:28:8e:55:25:67,-80,124
1719269585.563657,de:28:8e:55:25:67,-81,124
1719269682.0366597,de:28:8e:55:25:67,-80,124
1719269697.1437962,de:28:8e:55:25:67,-81,124
1719269700.1479323,de:28:8e:55:25:67,-81,124
1719269702.1439855,de:28:8e:55:25:67,-80,124
1719269705.1679933,de:28:8e:55:25:67,-82,124
1719269728.2835774,de:28:8e:55:25:67,-82,124
1719269746.3703332,de:28:8e:55:25:67,-80,124
1719269753.407411,de:28:8e:55:25:67,-82,124
1719269773.5483866,de:28:8e:55:25:67,-82,124
1719269903.1919906,de:28:8e:55:25:67,-81,124
1719269914.3373868,de:28:8e:55:25:67,-82,124
1719269919.2884817,de:28:8e:55:25:67,-81,124
1719269921.2405531,de:28:8e:55:25:67,-81,124
1719269946.3956456,de:28:8e:55:25:67,-80,124
1719270005.6697197,de:28:8e:55:25:67,-84,124
1719270063.0078526,de:28:8e:55:25:67,-81,124
1719270071.0676684,de:28:8e:55:25:67,-82,124
1719270135.4191413,de:28:8e:55:25:67,-80,124
1719270170.62299,de:28:8e:55:25:67,-80,124
1719270271.2204993,de:28:8e:55:25:67,-79,124
1719270274.180241,de:28:8e:55:25:67,-80,124
1719270286.2261548,de:28:8e:55:25:67,-82,124
1719270289.2376952,de:28:8e:55:25:67,-81,124
1719270294.2573934,de:28:8e:55:25:67,-82,124
1719270360.5607915,de:28:8e:55:25:67,-80,124
1719270656.205397,de:28:8e:55:25:67,-83,124
1719270690.3440287,de:28:8e:55:25:67,-83,124
1719270695.372559,de:28:8e:55:25:67,-81,124
1719270702.4323328,de:28:8e:55:25:67,-79,124
1719270834.186612,de:28:8e:55:25:67,-82,124
1719270854.2651217,de:28:8e:55:25:67,-80,124
1719270859.2789023,de:28:8e:55:25:67,-80,124
1719270861.4477425,de:28:8e:55:25:67,-87,124
1719270885.419787,de:28:8e:55:25:67,-84,124
1719270941.6748102,de:28:8e:55:25:67,-80,124
1719271013.0914302,de:28:8e:55:25:67,-83,124
1719271043.234065,de:28:8e:55:25:67,-81,124
1719271053.294535,de:28:8e:55:25:67,-80,124
1719271061.3604,de:28:8e:55:25:67,-84,124
1719271119.6190858,de:28:8e:55:25:67,-80,124
1719271236.260176,de:28:8e:55:25:67,-81,124
1719271246.295426,de:28:8e:55:25:67,-80,124
1719271448.420961,de:28:8e:55:25:67,-80,124
1719271507.0850227,de:28:8e:55:25:67,-82,132
1719271611.2997365,de:28:8e:55:25:67,-75,163
1719271765.0330014,de:28:8e:55:25:67,-83,124
1719271770.1083794,de:28:8e:55:25:67,-80,124
1719271912.213869,de:28:8e:55:25:67,-84,132
1719271928.246288,de:28:8e:55:25:67,-81,132
1719271980.1883452,de:28:8e:55:25:67,-81,124
1719272015.3687856,de:28:8e:55:25:67,-85,124
1719272120.266707,de:28:8e:55:25:67,-81,132
1719272217.4084375,de:28:8e:55:25:67,-81,124
1719272357.0362108,de:28:8e:55:25:67,-81,124
1719272429.4025962,de:28:8e:55:25:67,-82,124
1719272532.961808,de:28:8e:55:25:67,-82,124
1719272584.2128415,de:28:8e:55:25:67,-82,124
1719272600.42567,de:28:8e:55:25:67,-84,124
1719272610.3923893,de:28:8e:55:25:67,-84,124
1719272733.9814155,de:28:8e:55:25:67,-86,124
1719272955.214661,de:28:8e:55:25:67,-83,124
1719272978.3260047,de:28:8e:55:25:67,-84,124
1719273133.1946826,de:28:8e:55:25:67,-84,124
1719273140.499989,de:28:8e:55:25:67,-82,124
1719273189.4423127,de:28:8e:55:25:67,-82,124
1719273194.5877495,de:28:8e:55:25:67,-86,124
1719273294.3706634,de:28:8e:55:25:67,-83,132
1719273327.205108,de:28:8e:55:25:67,-85,124
1719273353.2993512,de:28:8e:55:25:67,-82,124
1719273474.3176064,de:28:8e:55:25:67,-83,132
1719273538.2444203,de:28:8e:55:25:67,-83,124
1719273554.3525672,de:28:8e:55:25:67,-81,124
1719273559.4464252,de:28:8e:55:25:67,-84,124
1719273564.3837976,de:28:8e:55:25:67,-83,124
1719273577.4329789,de:28:8e:55:25:67,-81,124
1719273587.468197,de:28:8e:55:25:67,-83,124
1719273592.518961,de:28:8e:55:25:67,-82,124
1719273694.993039,de:28:8e:55:25:67,-84,124
1719273698.0820415,de:28:8e:55:25:67,-82,124
1719273713.0937698,de:28:8e:55:25:67,-83,124
1719273719.4846954,de:28:8e:55:25:67,-81,132
1719273766.387753,de:28:8e:55:25:67,-81,124
1719273958.351567,de:28:8e:55:25:67,-85,124
1719273969.4048238,de:28:8e:55:25:67,-85,124
1719274051.4061005,de:28:8e:55:25:67,-80,132
1719274089.0757942,de:28:8e:55:25:67,-86,124
1719274150.3970191,de:28:8e:55:25:67,-82,124
1719274339.3451698,de:28:8e:55:25:67,-81,124
1719274394.6717143,de:28:8e:55:25:67,-81,124
1719274504.214337,de:28:8e:55:25:67,-79,124
1719274519.232553,de:28:8e:55:25:67,-84,124
1719274529.4036157,de:28:8e:55:25:67,-82,124
1719274564.4895992,de:28:8e:55:25:67,-82,124
1719274579.6034162,de:28:8e:55:25:67,-82,124
1719274595.8996868,de:28:8e:55:25:67,-82,124
1719274675.0264976,de:28:8e:55:25:67,-82,124
1719274696.1929042,de:28:8e:55:25:67,-84,124
1719274703.231547,de:28:8e:55:25:67,-83,124
1719274708.2410376,de:28:8e:55:25:67,-81,124
1719274749.4575474,de:28:8e:55:25:67,-83,124
1719274882.1679947,de:28:8e:55:25:67,-83,124
1719274915.3963723,de:28:8e:55:25:67,-83,124
1719274928.5388677,de:28:8e:55:25:67,-83,124
1719275049.1261644,de:28:8e:55:25:67,-84,124
1719275095.2787826,de:28:8e:55:25:67,-80,124
1719275098.3615017,de:28:8e:55:25:67,-81,124
1719275103.3474655,de:28:8e:55:25:67,-84,124
1719275113.4186032,de:28:8e:55:25:67,-83,124
1719275115.3785813,de:28:8e:55:25:67,-81,124
1719275273.2275398,de:28:8e:55:25:67,-80,124
1719275293.3281736,de:28:8e:55:25:67,-81,124
1719275314.4163568,de:28:8e:55:25:67,-82,124
1719275455.2041914,de:28:8e:55:25:67,-83,124
1719275458.1689932,de:28:8e:55:25:67,-83,124
1719275476.3760464,de:28:8e:55:25:67,-82,124
1719275494.4293313,de:28:8e:55:25:67,-82,124
1719275548.6603994,de:28:8e:55:25:67,-84,124
1719275658.2505543,de:28:8e:55:25:67,-80,124
1719275663.245645,de:28:8e:55:25:67,-81,124
1719275812.0352983,de:28:8e:55:25:67,-82,124
1719275833.134929,de:28:8e:55:25:67,-81,124
1719275858.4070013,de:28:8e:55:25:67,-82,124
1719275916.6596484,de:28:8e:55:25:67,-82,124
1719276009.120084,de:28:8e:55:25:67,-82,124
1719276043.3029022,de:28:8e:55:25:67,-83,124
1719276063.493219,de:28:8e:55:25:67,-83,124
1719276089.5665245,de:28:8e:55:25:67,-81,124
1719276180.056414,de:28:8e:55:25:67,-82,124
1719276190.062579,de:28:8e:55:25:67,-80,124
1719276287.5744584,de:28:8e:55:25:67,-85,124
1719276368.0611522,de:28:8e:55:25:67,-81,124
1719276386.1353495,de:28:8e:55:25:67,-81,124
1719276388.152029,de:28:8e:55:25:67,-84,124
1719276424.3340273,de:28:8e:55:25:67,-83,124
1719276445.4492962,de:28:8e:55:25:67,-82,124
1719276453.5303955,de:28:8e:55:25:67,-83,124
1719276553.986823,de:28:8e:55:25:67,-82,124
1719276577.098777,de:28:8e:55:25:67,-82,124
1719276582.125502,de:28:8e:55:25:67,-83,124
1719276598.317515,de:28:8e:55:25:67,-83,124
1719276608.250507,de:28:8e:55:25:67,-83,124
1719276758.004031,de:28:8e:55:25:67,-86,124
1719276805.2932668,de:28:8e:55:25:67,-83,124
1719276828.3394291,de:28:8e:55:25:67,-82,124
1719276962.0995276,de:28:8e:55:25:67,-81,124
1719276988.1912394,de:28:8e:55:25:67,-83,124
1719276993.1638336,de:28:8e:55:25:67,-82,124
1719277011.3165383,de:28:8e:55:25:67,-82,124
1719277202.179288,de:28:8e:55:25:67,-86,124
1719277205.2686837,de:28:8e:55:25:67,-82,124
1719277220.2844408,de:28:8e:55:25:67,-82,124
1719277235.351985,de:28:8e:55:25:67,-82,124
1719277349.0336764,de:28:8e:55:25:67,-84,124
1719277365.284593,de:28:8e:55:25:67,-84,124
1719277404.629743,de:28:8e:55:25:67,-82,132
1719277408.4123018,de:28:8e:55:25:67,-84,124
1719277416.3078587,de:28:8e:55:25:67,-84,124
1719277426.3476868,de:28:8e:55:25:67,-82,124
1719277432.359274,de:28:8e:55:25:67,-85,124
1719277452.5119135,de:28:8e:55:25:67,-80,124
1719277568.0779383,de:28:8e:55:25:67,-82,124
1719277599.218148,de:28:8e:55:25:67,-85,124
1719277801.3494277,de:28:8e:55:25:67,-82,124
1719277803.3278253,de:28:8e:55:25:67,-82,124
1719277814.3465528,de:28:8e:55:25:67,-83,124
1719277829.4283285,de:28:8e:55:25:67,-79,124
1719277847.4887176,de:28:8e:55:25:67,-83,124
1719277860.5677066,de:28:8e:55:25:67,-83,124
1719278004.3553195,de:28:8e:55:25:67,-82,124
1719278141.327325,de:28:8e:55:25:67,-81,132
1719278157.0320396,de:28:8e:55:25:67,-82,124
1719278162.0932727,de:28:8e:55:25:67,-80,124
1719278165.0825288,de:28:8e:55:25:67,-85,124
1719278173.0976355,de:28:8e:55:25:67,-82,124
1719278180.135671,de:28:8e:55:25:67,-82,124
1719278196.2396154,de:28:8e:55:25:67,-81,124
1719278236.4285946,de:28:8e:55:25:67,-85,124
1719278272.5955882,de:28:8e:55:25:67,-85,124
1719278403.308449,de:28:8e:55:25:67,-84,124
1719278416.43142,de:28:8e:55:25:67,-83,124
1719278452.5437393,de:28:8e:55:25:67,-81,124
1719278590.3061223,de:28:8e:55:25:67,-80,124
1719278592.3256934,de:28:8e:55:25:67,-79,124
1719278602.361858,de:28:8e:55:25:67,-81,124
1719278616.4487708,de:28:8e:55:25:67,-80,124
1719278739.4427917,de:28:8e:55:25:67,-84,132
1719278798.3355155,de:28:8e:55:25:67,-85,124
1719278829.5045495,de:28:8e:55:25:67,-83,124
1719278855.618795,de:28:8e:55:25:67,-85,124
1719278984.2964897,de:28:8e:55:25:67,-83,124
1719279032.5017958,de:28:8e:55:25:67,-85,124
1719279118.028588,de:28:8e:55:25:67,-85,124
1719279142.122688,de:28:8e:55:25:67,-81,124
1719279149.2108166,de:28:8e:55:25:67,-83,124
1719279325.0086951,de:28:8e:55:25:67,-82,124
1719279359.1791103,de:28:8e:55:25:67,-82,124
1719279369.2165866,de:28:8e:55:25:67,-83,124
1719279413.431734,de:28:8e:55:25:67,-83,124
1719279464.6796029,de:28:8e:55:25:67,-82,124
1719279473.3745918,de:28:8e:55:25:67,-82,132
1719279528.1416838,de:28:8e:55:25:67,-83,124
1719279578.2606297,de:28:8e:55:25:67,-82,124
1719279588.359322,de:28:8e:55:25:67,-82,124
1719279721.029441,de:28:8e:55:25:67,-83,124
1719279728.629936,de:28:8e:55:25:67,-82,132
1719279757.209357,de:28:8e:55:25:67,-82,124
1719279760.2756617,de:28:8e:55:25:67,-82,124
1719279844.083081,de:28:8e:55:25:67,-82,132
1719279884.2612245,de:28:8e:55:25:67,-89,132
1719279911.012275,de:28:8e:55:25:67,-82,124
1719279946.201674,de:28:8e:55:25:67,-83,124
1719279951.2379975,de:28:8e:55:25:67,-84,124
1719279985.4314818,de:28:8e:55:25:67,-81,163
1719280137.1364892,de:28:8e:55:25:67,-81,124
1719280155.226044,de:28:8e:55:25:67,-82,124
1719280186.3996944,de:28:8e:55:25:67,-83,124
1719280316.1272907,de:28:8e:55:25:67,-81,124
1719280331.1970096,de:28:8e:55:25:67,-84,124
1719280375.4419782,de:28:8e:55:25:67,-80,124
1719280470.966087,de:28:8e:55:25:67,-81,124
1719280530.42653,de:28:8e:55:25:67,-82,124
1719280540.329886,de:28:8e:55:25:67,-83,124
1719280706.2329462,de:28:8e:55:25:67,-82,124
1719280718.3096733,de:28:8e:55:25:67,-80,124
1719280736.392141,de:28:8e:55:25:67,-82,124
1719280848.0582783,de:28:8e:55:25:67,-84,124
1719280889.2012253,de:28:8e:55:25:67,-81,124
1719280907.3244317,de:28:8e:55:25:67,-82,124
1719280920.3730793,de:28:8e:55:25:67,-82,124
1719280966.6388018,de:28:8e:55:25:67,-83,124
1719281260.1234388,de:28:8e:55:25:67,-82,124
1719281278.2205446,de:28:8e:55:25:67,-85,124
1719281301.3620522,de:28:8e:55:25:67,-81,124
1719281426.0300696,de:28:8e:55:25:67,-81,124
1719281449.2249348,de:28:8e:55:25:67,-80,124
1719281454.168511,de:28:8e:55:25:67,-82,124
1719281513.5853767,de:28:8e:55:25:67,-84,124
1719281534.5747406,de:28:8e:55:25:67,-81,124
1719281539.6252625,de:28:8e:55:25:67,-85,124
1719281544.632634,de:28:8e:55:25:67,-81,124
1719281649.2301862,de:28:8e:55:25:67,-83,124
1719281672.2500217,de:28:8e:55:25:67,-81,124
1719281716.484085,de:28:8e:55:25:67,-84,124
1719281823.0137763,de:28:8e:55:25:67,-80,124
1719281833.0590403,de:28:8e:55:25:67,-83,124
1719281864.2023776,de:28:8e:55:25:67,-83,124
1719281887.3452797,de:28:8e:55:25:67,-83,124
1719281897.588951,de:28:8e:55:25:67,-84,124
1719282075.293262,de:28:8e:55:25:67,-83,124
1719282096.405452,de:28:8e:55:25:67,-81,124
1719282222.2270815,de:28:8e:55:25:67,-84,124
1719282275.3901224,de:28:8e:55:25:67,-85,124
1719282285.3703706,de:28:8e:55:25:67,-83,124
1719282290.3970556,de:28:8e:55:25:67,-83,124
1719282329.5909696,de:28:8e:55:25:67,-86,124
1719282429.2555666,de:28:8e:55:25:67,-83,124
1719282432.141821,de:28:8e:55:25:67,-83,124
1719282460.2309587,de:28:8e:55:25:67,-83,124
1719282470.3794413,de:28:8e:55:25:67,-83,124
1719282489.3840792,de:28:8e:55:25:67,-81,124
1719282607.0342011,de:28:8e:55:25:67,-83,124
1719282648.314907,de:28:8e:55:25:67,-82,124
1719282697.5729864,de:28:8e:55:25:67,-80,124
1719282877.430099,de:28:8e:55:25:67,-80,124
1719282926.66242,de:28:8e:55:25:67,-82,124
1719283033.2860992,de:28:8e:55:25:67,-85,124
1719283045.2738569,de:28:8e:55:25:67,-83,124
1719283097.595011,de:28:8e:55:25:67,-81,124
1719283196.0374038,de:28:8e:55:25:67,-83,124
1719283219.2542686,de:28:8e:55:25:67,-80,124
1719283224.2046063,de:28:8e:55:25:67,-84,124
1719283253.3331666,de:28:8e:55:25:67,-83,124
1719283379.0480428,de:28:8e:55:25:67,-83,124
1719283389.1175091,de:28:8e:55:25:67,-82,124
1719283402.1709087,de:28:8e:55:25:67,-83,124
1719283420.4438643,de:28:8e:55:25:67,-82,124
1719283425.4241033,de:28:8e:55:25:67,-81,124
1719283443.4190917,de:28:8e:55:25:67,-83,124
1719283471.543759,de:28:8e:55:25:67,-83,124
1719283607.6593845,de:28:8e:55:25:67,-82,132
1719283793.312332,de:28:8e:55:25:67,-80,124
1719283801.4043603,de:28:8e:55:25:67,-83,124
1719283829.4415145,de:28:8e:55:25:67,-85,124
1719283927.9806445,de:28:8e:55:25:67,-84,124
1719283938.0026634,de:28:8e:55:25:67,-85,124
1719284003.3389082,de:28:8e:55:25:67,-85,124
1719284179.220292,de:28:8e:55:25:67,-82,124
1719284192.3488512,de:28:8e:55:25:67,-82,124
1719284223.407816,de:28:8e:55:25:67,-81,124
1719284336.0369756,de:28:8e:55:25:67,-82,124
1719284341.1926005,de:28:8e:55:25:67,-84,124
1719284361.2440455,de:28:8e:55:25:67,-80,124
1719284387.4216788,de:28:8e:55:25:67,-81,124
1719284397.4674768,de:28:8e:55:25:67,-82,124
